ma_window,entry_zscore,exit_zscore,stop_loss_pct,timeout_minutes,position_size_pusd,total_trades,winners,losers,total_pnl,win_rate,profit_factor,sharpe_ratio,max_drawdown,avg_trade_pnl,best_trade,worst_trade
30,-1.5,0.5,0.08,45,5,54,0,54,-33.34603967906711,0.0,0.0,-3.1849421398109,0.03802440225216606,-0.6175192533160576,-0.32163742690058506,-0.9259259259259258
30,-1.5,0.5,0.08,45,10,54,0,54,-66.69207935813422,0.0,0.0,-3.1849421398109,0.07604880450433325,-1.2350385066321152,-0.6432748538011701,-1.8518518518518516
30,-1.5,0.5,0.08,60,5,54,0,54,-33.34603967906711,0.0,0.0,-3.1849421398109,0.03802440225216606,-0.6175192533160576,-0.32163742690058506,-0.9259259259259258
30,-1.5,0.5,0.08,60,10,54,0,54,-66.69207935813422,0.0,0.0,-3.1849421398109,0.07604880450433325,-1.2350385066321152,-0.6432748538011701,-1.8518518518518516
30,-1.5,-0.5,0.08,45,5,58,0,58,-35.531539116097264,0.0,0.0,-3.2004705786500254,0.04020990168919616,-0.6126127433809873,-0.32163742690058506,-0.9259259259259258
30,-1.5,-0.5,0.08,45,10,58,0,58,-71.06307823219453,0.0,0.0,-3.2004705786500254,0.08041980337839368,-1.2252254867619745,-0.6432748538011701,-1.8518518518518516
30,-1.5,-0.5,0.08,60,5,58,0,58,-35.531539116097264,0.0,0.0,-3.2004705786500254,0.04020990168919616,-0.6126127433809873,-0.32163742690058506,-0.9259259259259258
30,-1.5,-0.5,0.08,60,10,58,0,58,-71.06307823219453,0.0,0.0,-3.2004705786500254,0.08041980337839368,-1.2252254867619745,-0.6432748538011701,-1.8518518518518516
30,-1.5,0.0,0.08,45,5,56,0,56,-34.71591297516992,0.0,0.0,-3.249982365089678,0.03939427554826887,-0.6199270174137486,-0.32163742690058506,-0.9259259259259258
30,-1.5,0.0,0.08,45,10,56,0,56,-69.43182595033984,0.0,0.0,-3.249982365089678,0.07878855109653887,-1.2398540348274971,-0.6432748538011701,-1.8518518518518516
30,-1.5,0.0,0.08,60,5,56,0,56,-34.71591297516992,0.0,0.0,-3.249982365089678,0.03939427554826887,-0.6199270174137486,-0.32163742690058506,-0.9259259259259258
30,-1.5,0.0,0.08,60,10,56,0,56,-69.43182595033984,0.0,0.0,-3.249982365089678,0.07878855109653887,-1.2398540348274971,-0.6432748538011701,-1.8518518518518516
20,-1.5,-0.5,0.08,45,5,59,0,59,-34.766620351662844,0.0,0.0,-3.289138888490526,0.039444982924761805,-0.589264751723099,-0.32163742690058506,-0.9259259259259258
20,-1.5,-0.5,0.08,45,10,59,0,59,-69.53324070332569,0.0,0.0,-3.289138888490526,0.07888996584952519,-1.178529503446198,-0.6432748538011701,-1.8518518518518516
20,-1.5,-0.5,0.08,60,5,59,0,59,-34.766620351662844,0.0,0.0,-3.289138888490526,0.039444982924761805,-0.589264751723099,-0.32163742690058506,-0.9259259259259258
20,-1.5,-0.5,0.08,60,10,59,0,59,-69.53324070332569,0.0,0.0,-3.289138888490526,0.07888996584952519,-1.178529503446198,-0.6432748538011701,-1.8518518518518516
20,-1.5,0.5,0.08,45,5,54,0,54,-32.1871815206933,0.0,0.0,-3.293079993033811,0.03686554409379232,-0.5960589170498759,-0.32163742690058506,-0.9259259259259258
20,-1.5,0.5,0.08,45,10,54,0,54,-64.3743630413866,0.0,0.0,-3.293079993033811,0.07373108818758602,-1.1921178340997518,-0.6432748538011701,-1.8518518518518516
20,-1.5,0.5,0.08,60,5,54,0,54,-32.1871815206933,0.0,0.0,-3.293079993033811,0.03686554409379232,-0.5960589170498759,-0.32163742690058506,-0.9259259259259258
20,-1.5,0.5,0.08,60,10,54,0,54,-64.3743630413866,0.0,0.0,-3.293079993033811,0.07373108818758602,-1.1921178340997518,-0.6432748538011701,-1.8518518518518516
30,-2.5,0.5,0.08,45,5,25,0,25,-14.251868121708677,0.0,0.0,-3.313219691097906,0.01893023069480796,-0.5700747248683471,-0.32163742690058506,-0.9259259259259258
30,-2.5,0.5,0.08,45,10,25,0,25,-28.503736243417354,0.0,0.0,-3.313219691097906,0.0378604613896166,-1.1401494497366942,-0.6432748538011701,-1.8518518518518516
30,-2.5,0.5,0.08,60,5,25,0,25,-14.251868121708677,0.0,0.0,-3.313219691097906,0.01893023069480796,-0.5700747248683471,-0.32163742690058506,-0.9259259259259258
30,-2.5,0.5,0.08,60,10,25,0,25,-28.503736243417354,0.0,0.0,-3.313219691097906,0.0378604613896166,-1.1401494497366942,-0.6432748538011701,-1.8518518518518516
20,-1.5,0.0,0.08,45,5,56,0,56,-33.557054816796104,0.0,0.0,-3.35779833711704,0.03823541738989513,-0.5992331217285018,-0.32163742690058506,-0.9259259259259258
20,-1.5,0.0,0.08,45,10,56,0,56,-67.11410963359221,0.0,0.0,-3.35779833711704,0.07647083477979164,-1.1984662434570037,-0.6432748538011701,-1.8518518518518516
20,-1.5,0.0,0.08,60,5,56,0,56,-33.557054816796104,0.0,0.0,-3.35779833711704,0.03823541738989513,-0.5992331217285018,-0.32163742690058506,-0.9259259259259258
20,-1.5,0.0,0.08,60,10,56,0,56,-67.11410963359221,0.0,0.0,-3.35779833711704,0.07647083477979164,-1.1984662434570037,-0.6432748538011701,-1.8518518518518516
30,-2.5,-0.5,0.08,45,5,28,0,28,-15.991961361801918,0.0,0.0,-3.3972966646254337,0.020670323934901147,-0.5711414772072113,-0.32163742690058506,-0.9259259259259258
30,-2.5,-0.5,0.08,45,10,28,0,28,-31.983922723603836,0.0,0.0,-3.3972966646254337,0.04134064786980298,-1.1422829544144226,-0.6432748538011701,-1.8518518518518516
30,-2.5,-0.5,0.08,60,5,28,0,28,-15.991961361801918,0.0,0.0,-3.3972966646254337,0.020670323934901147,-0.5711414772072113,-0.32163742690058506,-0.9259259259259258
30,-2.5,-0.5,0.08,60,10,28,0,28,-31.983922723603836,0.0,0.0,-3.3972966646254337,0.04134064786980298,-1.1422829544144226,-0.6432748538011701,-1.8518518518518516
30,-2.5,0.0,0.08,45,5,27,0,27,-15.598021967862524,0.0,0.0,-3.446434679081811,0.02027638454096177,-0.5777045173282416,-0.32163742690058506,-0.9259259259259258
30,-2.5,0.0,0.08,45,10,27,0,27,-31.196043935725047,0.0,0.0,-3.446434679081811,0.04055276908192423,-1.1554090346564831,-0.6432748538011701,-1.8518518518518516
30,-2.5,0.0,0.08,60,5,27,0,27,-15.598021967862524,0.0,0.0,-3.446434679081811,0.02027638454096177,-0.5777045173282416,-0.32163742690058506,-0.9259259259259258
30,-2.5,0.0,0.08,60,10,27,0,27,-31.196043935725047,0.0,0.0,-3.446434679081811,0.04055276908192423,-1.1554090346564831,-0.6432748538011701,-1.8518518518518516
30,-2.0,0.5,0.08,45,5,32,0,32,-19.24980604973641,0.0,0.0,-3.451198130639922,0.023928168622835755,-0.6015564390542628,-0.32163742690058506,-0.9259259259259258
30,-2.0,0.5,0.08,45,10,32,0,32,-38.49961209947282,0.0,0.0,-3.451198130639922,0.04785633724567197,-1.2031128781085256,-0.6432748538011701,-1.8518518518518516
30,-2.0,0.5,0.08,60,5,32,0,32,-19.24980604973641,0.0,0.0,-3.451198130639922,0.023928168622835755,-0.6015564390542628,-0.32163742690058506,-0.9259259259259258
30,-2.0,0.5,0.08,60,10,32,0,32,-38.49961209947282,0.0,0.0,-3.451198130639922,0.04785633724567197,-1.2031128781085256,-0.6432748538011701,-1.8518518518518516
30,-2.0,-0.5,0.08,45,5,36,0,36,-21.43530548676656,0.0,0.0,-3.471155243245071,0.02611366805986586,-0.5954251524101822,-0.32163742690058506,-0.9259259259259258
30,-2.0,-0.5,0.08,45,10,36,0,36,-42.87061097353312,0.0,0.0,-3.471155243245071,0.052227336119732175,-1.1908503048203645,-0.6432748538011701,-1.8518518518518516
30,-2.0,-0.5,0.08,60,5,36,0,36,-21.43530548676656,0.0,0.0,-3.471155243245071,0.02611366805986586,-0.5954251524101822,-0.32163742690058506,-0.9259259259259258
30,-2.0,-0.5,0.08,60,10,36,0,36,-42.87061097353312,0.0,0.0,-3.471155243245071,0.052227336119732175,-1.1908503048203645,-0.6432748538011701,-1.8518518518518516
30,-2.0,0.0,0.08,45,5,34,0,34,-20.619679345839213,0.0,0.0,-3.5651234787690425,0.025298041918938564,-0.606461157230565,-0.32163742690058506,-0.9259259259259258
30,-2.0,0.0,0.08,45,10,34,0,34,-41.239358691678426,0.0,0.0,-3.5651234787690425,0.05059608383787759,-1.21292231446113,-0.6432748538011701,-1.8518518518518516
30,-2.0,0.0,0.08,60,5,34,0,34,-20.619679345839213,0.0,0.0,-3.5651234787690425,0.025298041918938564,-0.606461157230565,-0.32163742690058506,-0.9259259259259258
30,-2.0,0.0,0.08,60,10,34,0,34,-41.239358691678426,0.0,0.0,-3.5651234787690425,0.05059608383787759,-1.21292231446113,-0.6432748538011701,-1.8518518518518516
20,-2.0,-0.5,0.08,45,5,43,0,43,-24.653888508220007,0.0,0.0,-3.705993781229798,0.029332251081319215,-0.5733462443772095,-0.32163742690058506,-0.9259259259259258
20,-2.0,-0.5,0.08,45,10,43,0,43,-49.30777701644001,0.0,0.0,-3.705993781229798,0.05866450216263911,-1.146692488754419,-0.6432748538011701,-1.8518518518518516
20,-2.0,-0.5,0.08,60,5,43,0,43,-24.653888508220007,0.0,0.0,-3.705993781229798,0.029332251081319215,-0.5733462443772095,-0.32163742690058506,-0.9259259259259258
20,-2.0,-0.5,0.08,60,10,43,0,43,-49.30777701644001,0.0,0.0,-3.705993781229798,0.05866450216263911,-1.146692488754419,-0.6432748538011701,-1.8518518518518516
20,-2.5,-0.5,0.08,45,5,33,0,33,-18.128026153228493,0.0,0.0,-3.7225283947865497,0.02280638872632767,-0.5493341258554089,-0.32163742690058506,-0.9259259259259258
20,-2.5,-0.5,0.08,45,10,33,0,33,-36.256052306456986,0.0,0.0,-3.7225283947865497,0.045612777452656135,-1.0986682517108177,-0.6432748538011701,-1.8518518518518516
20,-2.5,-0.5,0.08,60,5,33,0,33,-18.128026153228493,0.0,0.0,-3.7225283947865497,0.02280638872632767,-0.5493341258554089,-0.32163742690058506,-0.9259259259259258
20,-2.5,-0.5,0.08,60,10,33,0,33,-36.256052306456986,0.0,0.0,-3.7225283947865497,0.045612777452656135,-1.0986682517108177,-0.6432748538011701,-1.8518518518518516
20,-2.5,0.5,0.08,45,5,28,0,28,-15.572306772207904,0.0,0.0,-3.7308881812168653,0.020250669345307188,-0.5561538132931394,-0.32163742690058506,-0.9259259259259258
20,-2.5,0.5,0.08,45,10,28,0,28,-31.144613544415808,0.0,0.0,-3.7308881812168653,0.040501338690614945,-1.1123076265862788,-0.6432748538011701,-1.8518518518518516
20,-2.5,0.5,0.08,60,5,28,0,28,-15.572306772207904,0.0,0.0,-3.7308881812168653,0.020250669345307188,-0.5561538132931394,-0.32163742690058506,-0.9259259259259258
20,-2.5,0.5,0.08,60,10,28,0,28,-31.144613544415808,0.0,0.0,-3.7308881812168653,0.040501338690614945,-1.1123076265862788,-0.6432748538011701,-1.8518518518518516
20,-2.0,0.5,0.08,45,5,38,0,38,-22.098169127199416,0.0,0.0,-3.7389313241082442,0.02677653170029873,-0.5815307665052478,-0.32163742690058506,-0.9259259259259258
20,-2.0,0.5,0.08,45,10,38,0,38,-44.19633825439883,0.0,0.0,-3.7389313241082442,0.05355306340059792,-1.1630615330104956,-0.6432748538011701,-1.8518518518518516
20,-2.0,0.5,0.08,60,5,38,0,38,-22.098169127199416,0.0,0.0,-3.7389313241082442,0.02677653170029873,-0.5815307665052478,-0.32163742690058506,-0.9259259259259258
20,-2.0,0.5,0.08,60,10,38,0,38,-44.19633825439883,0.0,0.0,-3.7389313241082442,0.05355306340059792,-1.1630615330104956,-0.6432748538011701,-1.8518518518518516
30,-1.5,-0.5,0.1,45,5,47,0,47,-25.752350688849027,0.0,0.0,-3.809189545889225,0.030430713261947857,-0.5479223550818942,-0.32163742690058506,-0.925925925925926
30,-1.5,-0.5,0.1,45,10,47,0,47,-51.504701377698055,0.0,0.0,-3.809189545889225,0.06086142652389753,-1.0958447101637885,-0.6432748538011701,-1.851851851851852
30,-1.5,-0.5,0.1,60,5,47,0,47,-25.752350688849027,0.0,0.0,-3.809189545889225,0.030430713261947857,-0.5479223550818942,-0.32163742690058506,-0.925925925925926
30,-1.5,-0.5,0.1,60,10,47,0,47,-51.504701377698055,0.0,0.0,-3.809189545889225,0.06086142652389753,-1.0958447101637885,-0.6432748538011701,-1.851851851851852
30,-1.5,-0.5,0.15,45,5,47,0,47,-25.752350688849027,0.0,0.0,-3.809189545889225,0.030430713261947857,-0.5479223550818942,-0.32163742690058506,-0.925925925925926
30,-1.5,-0.5,0.15,45,10,47,0,47,-51.504701377698055,0.0,0.0,-3.809189545889225,0.06086142652389753,-1.0958447101637885,-0.6432748538011701,-1.851851851851852
30,-1.5,-0.5,0.15,60,5,47,0,47,-25.752350688849027,0.0,0.0,-3.809189545889225,0.030430713261947857,-0.5479223550818942,-0.32163742690058506,-0.925925925925926
30,-1.5,-0.5,0.15,60,10,47,0,47,-51.504701377698055,0.0,0.0,-3.809189545889225,0.06086142652389753,-1.0958447101637885,-0.6432748538011701,-1.851851851851852
20,-2.0,0.0,0.08,45,5,40,0,40,-23.444322973353266,0.0,0.0,-3.8341126094878697,0.028122685546452544,-0.5861080743338316,-0.32163742690058506,-0.9259259259259258
20,-2.0,0.0,0.08,45,10,40,0,40,-46.88864594670653,0.0,0.0,-3.8341126094878697,0.05624537109290577,-1.1722161486676632,-0.6432748538011701,-1.8518518518518516
20,-2.0,0.0,0.08,60,5,40,0,40,-23.444322973353266,0.0,0.0,-3.8341126094878697,0.028122685546452544,-0.5861080743338316,-0.32163742690058506,-0.9259259259259258
20,-2.0,0.0,0.08,60,10,40,0,40,-46.88864594670653,0.0,0.0,-3.8341126094878697,0.05624537109290577,-1.1722161486676632,-0.6432748538011701,-1.8518518518518516
20,-2.5,0.0,0.08,45,5,30,0,30,-16.918460618361753,0.0,0.0,-3.838821281194607,0.021596823191460997,-0.563948687278725,-0.32163742690058506,-0.9259259259259258
20,-2.5,0.0,0.08,45,10,30,0,30,-33.836921236723505,0.0,0.0,-3.838821281194607,0.043193646382922564,-1.12789737455745,-0.6432748538011701,-1.8518518518518516
20,-2.5,0.0,0.08,60,5,30,0,30,-16.918460618361753,0.0,0.0,-3.838821281194607,0.021596823191460997,-0.563948687278725,-0.32163742690058506,-0.9259259259259258
20,-2.5,0.0,0.08,60,10,30,0,30,-33.836921236723505,0.0,0.0,-3.838821281194607,0.043193646382922564,-1.12789737455745,-0.6432748538011701,-1.8518518518518516
20,-1.5,-0.5,0.1,45,5,51,0,51,-27.723176153445934,0.0,0.0,-3.8859449691913297,0.032401538726544686,-0.5435916892832536,-0.32163742690058506,-0.9202453987730054
20,-1.5,-0.5,0.1,45,10,51,0,51,-55.44635230689187,0.0,0.0,-3.8859449691913297,0.06480307745309141,-1.0871833785665073,-0.6432748538011701,-1.8404907975460107
20,-1.5,-0.5,0.1,60,5,51,0,51,-27.723176153445934,0.0,0.0,-3.8859449691913297,0.032401538726544686,-0.5435916892832536,-0.32163742690058506,-0.9202453987730054
20,-1.5,-0.5,0.1,60,10,51,0,51,-55.44635230689187,0.0,0.0,-3.8859449691913297,0.06480307745309141,-1.0871833785665073,-0.6432748538011701,-1.8404907975460107
20,-1.5,-0.5,0.15,45,5,51,0,51,-27.723176153445934,0.0,0.0,-3.8859449691913297,0.032401538726544686,-0.5435916892832536,-0.32163742690058506,-0.9202453987730054
20,-1.5,-0.5,0.15,45,10,51,0,51,-55.44635230689187,0.0,0.0,-3.8859449691913297,0.06480307745309141,-1.0871833785665073,-0.6432748538011701,-1.8404907975460107
20,-1.5,-0.5,0.15,60,5,51,0,51,-27.723176153445934,0.0,0.0,-3.8859449691913297,0.032401538726544686,-0.5435916892832536,-0.32163742690058506,-0.9202453987730054
20,-1.5,-0.5,0.15,60,10,51,0,51,-55.44635230689187,0.0,0.0,-3.8859449691913297,0.06480307745309141,-1.0871833785665073,-0.6432748538011701,-1.8404907975460107
30,-2.5,0.5,0.1,45,5,23,0,23,-12.318049056742073,0.0,0.0,-3.906089953274335,0.016996411629841193,-0.5355673502931336,-0.32163742690058506,-0.9202453987730054
30,-2.5,0.5,0.1,45,10,23,0,23,-24.636098113484145,0.0,0.0,-3.906089953274335,0.033992823259683294,-1.0711347005862673,-0.6432748538011701,-1.8404907975460107
30,-2.5,0.5,0.1,60,5,23,0,23,-12.318049056742073,0.0,0.0,-3.906089953274335,0.016996411629841193,-0.5355673502931336,-0.32163742690058506,-0.9202453987730054
30,-2.5,0.5,0.1,60,10,23,0,23,-24.636098113484145,0.0,0.0,-3.906089953274335,0.033992823259683294,-1.0711347005862673,-0.6432748538011701,-1.8404907975460107
30,-2.5,0.5,0.15,45,5,23,0,23,-12.318049056742073,0.0,0.0,-3.906089953274335,0.016996411629841193,-0.5355673502931336,-0.32163742690058506,-0.9202453987730054
30,-2.5,0.5,0.15,45,10,23,0,23,-24.636098113484145,0.0,0.0,-3.906089953274335,0.033992823259683294,-1.0711347005862673,-0.6432748538011701,-1.8404907975460107
30,-2.5,0.5,0.15,60,5,23,0,23,-12.318049056742073,0.0,0.0,-3.906089953274335,0.016996411629841193,-0.5355673502931336,-0.32163742690058506,-0.9202453987730054
30,-2.5,0.5,0.15,60,10,23,0,23,-24.636098113484145,0.0,0.0,-3.906089953274335,0.033992823259683294,-1.0711347005862673,-0.6432748538011701,-1.8404907975460107
30,-2.0,-0.5,0.1,45,5,33,0,33,-18.57556049587403,0.0,0.0,-3.934097019908961,0.023253923068973108,-0.5628957726022433,-0.32163742690058506,-0.9202453987730054
30,-2.0,-0.5,0.1,45,10,33,0,33,-37.15112099174806,0.0,0.0,-3.934097019908961,0.046507846137947124,-1.1257915452044867,-0.6432748538011701,-1.8404907975460107
30,-2.0,-0.5,0.1,60,5,33,0,33,-18.57556049587403,0.0,0.0,-3.934097019908961,0.023253923068973108,-0.5628957726022433,-0.32163742690058506,-0.9202453987730054
30,-2.0,-0.5,0.1,60,10,33,0,33,-37.15112099174806,0.0,0.0,-3.934097019908961,0.046507846137947124,-1.1257915452044867,-0.6432748538011701,-1.8404907975460107
30,-2.0,-0.5,0.15,45,5,33,0,33,-18.57556049587403,0.0,0.0,-3.934097019908961,0.023253923068973108,-0.5628957726022433,-0.32163742690058506,-0.9202453987730054
30,-2.0,-0.5,0.15,45,10,33,0,33,-37.15112099174806,0.0,0.0,-3.934097019908961,0.046507846137947124,-1.1257915452044867,-0.6432748538011701,-1.8404907975460107
30,-2.0,-0.5,0.15,60,5,33,0,33,-18.57556049587403,0.0,0.0,-3.934097019908961,0.023253923068973108,-0.5628957726022433,-0.32163742690058506,-0.9202453987730054
30,-2.0,-0.5,0.15,60,10,33,0,33,-37.15112099174806,0.0,0.0,-3.934097019908961,0.046507846137947124,-1.1257915452044867,-0.6432748538011701,-1.8404907975460107
30,-2.0,0.5,0.1,45,5,29,0,29,-16.39006105884388,0.0,0.0,-3.9381651858765307,0.021068423631943004,-0.5651745192704787,-0.32163742690058506,-0.9202453987730054
30,-2.0,0.5,0.1,45,10,29,0,29,-32.78012211768776,0.0,0.0,-3.9381651858765307,0.042136847263886695,-1.1303490385409574,-0.6432748538011701,-1.8404907975460107
30,-2.0,0.5,0.1,60,5,29,0,29,-16.39006105884388,0.0,0.0,-3.9381651858765307,0.021068423631943004,-0.5651745192704787,-0.32163742690058506,-0.9202453987730054
30,-2.0,0.5,0.1,60,10,29,0,29,-32.78012211768776,0.0,0.0,-3.9381651858765307,0.042136847263886695,-1.1303490385409574,-0.6432748538011701,-1.8404907975460107
30,-2.0,0.5,0.15,45,5,29,0,29,-16.39006105884388,0.0,0.0,-3.9381651858765307,0.021068423631943004,-0.5651745192704787,-0.32163742690058506,-0.9202453987730054
30,-2.0,0.5,0.15,45,10,29,0,29,-32.78012211768776,0.0,0.0,-3.9381651858765307,0.042136847263886695,-1.1303490385409574,-0.6432748538011701,-1.8404907975460107
30,-2.0,0.5,0.15,60,5,29,0,29,-16.39006105884388,0.0,0.0,-3.9381651858765307,0.021068423631943004,-0.5651745192704787,-0.32163742690058506,-0.9202453987730054
30,-2.0,0.5,0.15,60,10,29,0,29,-32.78012211768776,0.0,0.0,-3.9381651858765307,0.042136847263886695,-1.1303490385409574,-0.6432748538011701,-1.8404907975460107
30,-2.5,-0.5,0.1,45,5,26,0,26,-14.058142296835314,0.0,0.0,-3.9386040689900934,0.01873650486993438,-0.5406977806475121,-0.32163742690058506,-0.9202453987730054
30,-2.5,-0.5,0.1,45,10,26,0,26,-28.116284593670628,0.0,0.0,-3.9386040689900934,0.037473009739869896,-1.0813955612950241,-0.6432748538011701,-1.8404907975460107
30,-2.5,-0.5,0.1,60,5,26,0,26,-14.058142296835314,0.0,0.0,-3.9386040689900934,0.01873650486993438,-0.5406977806475121,-0.32163742690058506,-0.9202453987730054
30,-2.5,-0.5,0.1,60,10,26,0,26,-28.116284593670628,0.0,0.0,-3.9386040689900934,0.037473009739869896,-1.0813955612950241,-0.6432748538011701,-1.8404907975460107
30,-2.5,-0.5,0.15,45,5,26,0,26,-14.058142296835314,0.0,0.0,-3.9386040689900934,0.01873650486993438,-0.5406977806475121,-0.32163742690058506,-0.9202453987730054
30,-2.5,-0.5,0.15,45,10,26,0,26,-28.116284593670628,0.0,0.0,-3.9386040689900934,0.037473009739869896,-1.0813955612950241,-0.6432748538011701,-1.8404907975460107
30,-2.5,-0.5,0.15,60,5,26,0,26,-14.058142296835314,0.0,0.0,-3.9386040689900934,0.01873650486993438,-0.5406977806475121,-0.32163742690058506,-0.9202453987730054
30,-2.5,-0.5,0.15,60,10,26,0,26,-28.116284593670628,0.0,0.0,-3.9386040689900934,0.037473009739869896,-1.0813955612950241,-0.6432748538011701,-1.8404907975460107
30,-2.5,0.0,0.1,45,5,25,0,25,-13.66420290289592,0.0,0.0,-3.9970967639814248,0.018342565475995002,-0.5465681161158368,-0.32163742690058506,-0.9202453987730054
30,-2.5,0.0,0.1,45,10,25,0,25,-27.32840580579184,0.0,0.0,-3.9970967639814248,0.03668513095199114,-1.0931362322316736,-0.6432748538011701,-1.8404907975460107
30,-2.5,0.0,0.1,60,5,25,0,25,-13.66420290289592,0.0,0.0,-3.9970967639814248,0.018342565475995002,-0.5465681161158368,-0.32163742690058506,-0.9202453987730054
30,-2.5,0.0,0.1,60,10,25,0,25,-27.32840580579184,0.0,0.0,-3.9970967639814248,0.03668513095199114,-1.0931362322316736,-0.6432748538011701,-1.8404907975460107
30,-2.5,0.0,0.15,45,5,25,0,25,-13.66420290289592,0.0,0.0,-3.9970967639814248,0.018342565475995002,-0.5465681161158368,-0.32163742690058506,-0.9202453987730054
30,-2.5,0.0,0.15,45,10,25,0,25,-27.32840580579184,0.0,0.0,-3.9970967639814248,0.03668513095199114,-1.0931362322316736,-0.6432748538011701,-1.8404907975460107
30,-2.5,0.0,0.15,60,5,25,0,25,-13.66420290289592,0.0,0.0,-3.9970967639814248,0.018342565475995002,-0.5465681161158368,-0.32163742690058506,-0.9202453987730054
30,-2.5,0.0,0.15,60,10,25,0,25,-27.32840580579184,0.0,0.0,-3.9970967639814248,0.03668513095199114,-1.0931362322316736,-0.6432748538011701,-1.8404907975460107
30,-2.0,0.0,0.1,45,5,31,0,31,-17.759934354946683,0.0,0.0,-4.039182095886072,0.022438296928045817,-0.5729011082240866,-0.32163742690058506,-0.9202453987730054
30,-2.0,0.0,0.1,45,10,31,0,31,-35.519868709893366,0.0,0.0,-4.039182095886072,0.044876593856092314,-1.1458022164481731,-0.6432748538011701,-1.8404907975460107
30,-2.0,0.0,0.1,60,5,31,0,31,-17.759934354946683,0.0,0.0,-4.039182095886072,0.022438296928045817,-0.5729011082240866,-0.32163742690058506,-0.9202453987730054
30,-2.0,0.0,0.1,60,10,31,0,31,-35.519868709893366,0.0,0.0,-4.039182095886072,0.044876593856092314,-1.1458022164481731,-0.6432748538011701,-1.8404907975460107
30,-2.0,0.0,0.15,45,5,31,0,31,-17.759934354946683,0.0,0.0,-4.039182095886072,0.022438296928045817,-0.5729011082240866,-0.32163742690058506,-0.9202453987730054
30,-2.0,0.0,0.15,45,10,31,0,31,-35.519868709893366,0.0,0.0,-4.039182095886072,0.044876593856092314,-1.1458022164481731,-0.6432748538011701,-1.8404907975460107
30,-2.0,0.0,0.15,60,5,31,0,31,-17.759934354946683,0.0,0.0,-4.039182095886072,0.022438296928045817,-0.5729011082240866,-0.32163742690058506,-0.9202453987730054
30,-2.0,0.0,0.15,60,10,31,0,31,-35.519868709893366,0.0,0.0,-4.039182095886072,0.044876593856092314,-1.1458022164481731,-0.6432748538011701,-1.8404907975460107
10,-2.0,0.0,0.08,45,5,47,0,47,-27.583556837857387,0.0,0.0,-4.070391565862661,0.03226191941095658,-0.5868841880395189,-0.32163742690058506,-0.9259259259259258
10,-2.0,0.0,0.08,45,10,47,0,47,-55.16711367571477,0.0,0.0,-4.070391565862661,0.06452383882191373,-1.1737683760790378,-0.6432748538011701,-1.8518518518518516
10,-2.0,0.0,0.08,60,5,47,0,47,-27.583556837857387,0.0,0.0,-4.070391565862661,0.03226191941095658,-0.5868841880395189,-0.32163742690058506,-0.9259259259259258
10,-2.0,0.0,0.08,60,10,47,0,47,-55.16711367571477,0.0,0.0,-4.070391565862661,0.06452383882191373,-1.1737683760790378,-0.6432748538011701,-1.8518518518518516
10,-2.0,0.5,0.08,45,5,47,0,47,-27.55608431038486,0.0,0.0,-4.0764784184275,0.032234446883483994,-0.5862996661784013,-0.32163742690058506,-0.9259259259259258
10,-2.0,0.5,0.08,45,10,47,0,47,-55.11216862076972,0.0,0.0,-4.0764784184275,0.06446889376696856,-1.1725993323568027,-0.6432748538011701,-1.8518518518518516
10,-2.0,0.5,0.08,60,5,47,0,47,-27.55608431038486,0.0,0.0,-4.0764784184275,0.032234446883483994,-0.5862996661784013,-0.32163742690058506,-0.9259259259259258
10,-2.0,0.5,0.08,60,10,47,0,47,-55.11216862076972,0.0,0.0,-4.0764784184275,0.06446889376696856,-1.1725993323568027,-0.6432748538011701,-1.8518518518518516
10,-1.5,0.5,0.08,45,5,56,0,56,-32.976790876881594,0.0,0.0,-4.080415639587154,0.03765515344998062,-0.5888712656585999,-0.32163742690058506,-0.9259259259259258
10,-1.5,0.5,0.08,45,10,56,0,56,-65.95358175376319,0.0,0.0,-4.080415639587154,0.07531030689996238,-1.1777425313171999,-0.6432748538011701,-1.8518518518518516
10,-1.5,0.5,0.08,60,5,56,0,56,-32.976790876881594,0.0,0.0,-4.080415639587154,0.03765515344998062,-0.5888712656585999,-0.32163742690058506,-0.9259259259259258
10,-1.5,0.5,0.08,60,10,56,0,56,-65.95358175376319,0.0,0.0,-4.080415639587154,0.07531030689996238,-1.1777425313171999,-0.6432748538011701,-1.8518518518518516
30,-1.5,0.5,0.1,45,5,42,0,42,-22.615741655515006,0.0,0.0,-4.092440518605301,0.027294104228613832,-0.538470039417024,-0.32163742690058506,-0.8950617283950609
30,-1.5,0.5,0.1,45,10,42,0,42,-45.23148331103001,0.0,0.0,-4.092440518605301,0.05458820845722948,-1.076940078834048,-0.6432748538011701,-1.7901234567901219
30,-1.5,0.5,0.1,60,5,42,0,42,-22.615741655515006,0.0,0.0,-4.092440518605301,0.027294104228613832,-0.538470039417024,-0.32163742690058506,-0.8950617283950609
30,-1.5,0.5,0.1,60,10,42,0,42,-45.23148331103001,0.0,0.0,-4.092440518605301,0.05458820845722948,-1.076940078834048,-0.6432748538011701,-1.7901234567901219
30,-1.5,0.5,0.15,45,5,42,0,42,-22.615741655515006,0.0,0.0,-4.092440518605301,0.027294104228613832,-0.538470039417024,-0.32163742690058506,-0.8950617283950609
30,-1.5,0.5,0.15,45,10,42,0,42,-45.23148331103001,0.0,0.0,-4.092440518605301,0.05458820845722948,-1.076940078834048,-0.6432748538011701,-1.7901234567901219
30,-1.5,0.5,0.15,60,5,42,0,42,-22.615741655515006,0.0,0.0,-4.092440518605301,0.027294104228613832,-0.538470039417024,-0.32163742690058506,-0.8950617283950609
30,-1.5,0.5,0.15,60,10,42,0,42,-45.23148331103001,0.0,0.0,-4.092440518605301,0.05458820845722948,-1.076940078834048,-0.6432748538011701,-1.7901234567901219
20,-2.5,-0.5,0.1,45,5,32,0,32,-17.12013301418781,0.0,0.0,-4.0963543906193385,0.02179849558728688,-0.5350041566933691,-0.32163742690058506,-0.9202453987730054
20,-2.5,-0.5,0.1,45,10,32,0,32,-34.24026602837562,0.0,0.0,-4.0963543906193385,0.04359699117457467,-1.0700083133867382,-0.6432748538011701,-1.8404907975460107
20,-2.5,-0.5,0.1,60,5,32,0,32,-17.12013301418781,0.0,0.0,-4.0963543906193385,0.02179849558728688,-0.5350041566933691,-0.32163742690058506,-0.9202453987730054
20,-2.5,-0.5,0.1,60,10,32,0,32,-34.24026602837562,0.0,0.0,-4.0963543906193385,0.04359699117457467,-1.0700083133867382,-0.6432748538011701,-1.8404907975460107
20,-2.5,-0.5,0.15,45,5,32,0,32,-17.12013301418781,0.0,0.0,-4.0963543906193385,0.02179849558728688,-0.5350041566933691,-0.32163742690058506,-0.9202453987730054
20,-2.5,-0.5,0.15,45,10,32,0,32,-34.24026602837562,0.0,0.0,-4.0963543906193385,0.04359699117457467,-1.0700083133867382,-0.6432748538011701,-1.8404907975460107
20,-2.5,-0.5,0.15,60,5,32,0,32,-17.12013301418781,0.0,0.0,-4.0963543906193385,0.02179849558728688,-0.5350041566933691,-0.32163742690058506,-0.9202453987730054
20,-2.5,-0.5,0.15,60,10,32,0,32,-34.24026602837562,0.0,0.0,-4.0963543906193385,0.04359699117457467,-1.0700083133867382,-0.6432748538011701,-1.8404907975460107
10,-1.5,0.0,0.08,45,5,57,0,57,-33.663604063694784,0.0,0.0,-4.112474740605397,0.03834196663679381,-0.5905895449771015,-0.32163742690058506,-0.9259259259259258
10,-1.5,0.0,0.08,45,10,57,0,57,-67.32720812738957,0.0,0.0,-4.112474740605397,0.07668393327358876,-1.181179089954203,-0.6432748538011701,-1.8518518518518516
10,-1.5,0.0,0.08,60,5,57,0,57,-33.663604063694784,0.0,0.0,-4.112474740605397,0.03834196663679381,-0.5905895449771015,-0.32163742690058506,-0.9259259259259258
10,-1.5,0.0,0.08,60,10,57,0,57,-67.32720812738957,0.0,0.0,-4.112474740605397,0.07668393327358876,-1.181179089954203,-0.6432748538011701,-1.8518518518518516
30,-1.5,0.0,0.1,45,5,44,0,44,-23.985614951617812,0.0,0.0,-4.1255172648942064,0.028663977524716642,-0.5451276125367684,-0.32163742690058506,-0.8950617283950609
30,-1.5,0.0,0.1,45,10,44,0,44,-47.971229903235624,0.0,0.0,-4.1255172648942064,0.0573279550494351,-1.090255225073537,-0.6432748538011701,-1.7901234567901219
30,-1.5,0.0,0.1,60,5,44,0,44,-23.985614951617812,0.0,0.0,-4.1255172648942064,0.028663977524716642,-0.5451276125367684,-0.32163742690058506,-0.8950617283950609
30,-1.5,0.0,0.1,60,10,44,0,44,-47.971229903235624,0.0,0.0,-4.1255172648942064,0.0573279550494351,-1.090255225073537,-0.6432748538011701,-1.7901234567901219
30,-1.5,0.0,0.15,45,5,44,0,44,-23.985614951617812,0.0,0.0,-4.1255172648942064,0.028663977524716642,-0.5451276125367684,-0.32163742690058506,-0.8950617283950609
30,-1.5,0.0,0.15,45,10,44,0,44,-47.971229903235624,0.0,0.0,-4.1255172648942064,0.0573279550494351,-1.090255225073537,-0.6432748538011701,-1.7901234567901219
30,-1.5,0.0,0.15,60,5,44,0,44,-23.985614951617812,0.0,0.0,-4.1255172648942064,0.028663977524716642,-0.5451276125367684,-0.32163742690058506,-0.8950617283950609
30,-1.5,0.0,0.15,60,10,44,0,44,-47.971229903235624,0.0,0.0,-4.1255172648942064,0.0573279550494351,-1.090255225073537,-0.6432748538011701,-1.7901234567901219
20,-2.5,0.5,0.1,45,5,27,0,27,-14.564413633167224,0.0,0.0,-4.1602360418676,0.0192427762062664,-0.5394227271543416,-0.32163742690058506,-0.9202453987730054
20,-2.5,0.5,0.1,45,10,27,0,27,-29.128827266334447,0.0,0.0,-4.1602360418676,0.03848555241253348,-1.0788454543086832,-0.6432748538011701,-1.8404907975460107
20,-2.5,0.5,0.1,60,5,27,0,27,-14.564413633167224,0.0,0.0,-4.1602360418676,0.0192427762062664,-0.5394227271543416,-0.32163742690058506,-0.9202453987730054
20,-2.5,0.5,0.1,60,10,27,0,27,-29.128827266334447,0.0,0.0,-4.1602360418676,0.03848555241253348,-1.0788454543086832,-0.6432748538011701,-1.8404907975460107
20,-2.5,0.5,0.15,45,5,27,0,27,-14.564413633167224,0.0,0.0,-4.1602360418676,0.0192427762062664,-0.5394227271543416,-0.32163742690058506,-0.9202453987730054
20,-2.5,0.5,0.15,45,10,27,0,27,-29.128827266334447,0.0,0.0,-4.1602360418676,0.03848555241253348,-1.0788454543086832,-0.6432748538011701,-1.8404907975460107
20,-2.5,0.5,0.15,60,5,27,0,27,-14.564413633167224,0.0,0.0,-4.1602360418676,0.0192427762062664,-0.5394227271543416,-0.32163742690058506,-0.9202453987730054
20,-2.5,0.5,0.15,60,10,27,0,27,-29.128827266334447,0.0,0.0,-4.1602360418676,0.03848555241253348,-1.0788454543086832,-0.6432748538011701,-1.8404907975460107
20,-1.5,0.5,0.1,45,5,45,0,45,-24.192436023082266,0.0,0.0,-4.219992294416674,0.02887079859618109,-0.5376096894018281,-0.32163742690058506,-0.8950617283950609
20,-1.5,0.5,0.1,45,10,45,0,45,-48.38487204616453,0.0,0.0,-4.219992294416674,0.05774159719236411,-1.0752193788036561,-0.6432748538011701,-1.7901234567901219
20,-1.5,0.5,0.1,60,5,45,0,45,-24.192436023082266,0.0,0.0,-4.219992294416674,0.02887079859618109,-0.5376096894018281,-0.32163742690058506,-0.8950617283950609
20,-1.5,0.5,0.1,60,10,45,0,45,-48.38487204616453,0.0,0.0,-4.219992294416674,0.05774159719236411,-1.0752193788036561,-0.6432748538011701,-1.7901234567901219
20,-1.5,0.5,0.15,45,5,45,0,45,-24.192436023082266,0.0,0.0,-4.219992294416674,0.02887079859618109,-0.5376096894018281,-0.32163742690058506,-0.8950617283950609
20,-1.5,0.5,0.15,45,10,45,0,45,-48.38487204616453,0.0,0.0,-4.219992294416674,0.05774159719236411,-1.0752193788036561,-0.6432748538011701,-1.7901234567901219
20,-1.5,0.5,0.15,60,5,45,0,45,-24.192436023082266,0.0,0.0,-4.219992294416674,0.02887079859618109,-0.5376096894018281,-0.32163742690058506,-0.8950617283950609
20,-1.5,0.5,0.15,60,10,45,0,45,-48.38487204616453,0.0,0.0,-4.219992294416674,0.05774159719236411,-1.0752193788036561,-0.6432748538011701,-1.7901234567901219
20,-2.5,0.0,0.1,45,5,29,0,29,-15.91056747932107,0.0,0.0,-4.231252878635006,0.02058893005242021,-0.5486402579076232,-0.32163742690058506,-0.9202453987730054
20,-2.5,0.0,0.1,45,10,29,0,29,-31.82113495864214,0.0,0.0,-4.231252878635006,0.04117786010484133,-1.0972805158152463,-0.6432748538011701,-1.8404907975460107
20,-2.5,0.0,0.1,60,5,29,0,29,-15.91056747932107,0.0,0.0,-4.231252878635006,0.02058893005242021,-0.5486402579076232,-0.32163742690058506,-0.9202453987730054
20,-2.5,0.0,0.1,60,10,29,0,29,-31.82113495864214,0.0,0.0,-4.231252878635006,0.04117786010484133,-1.0972805158152463,-0.6432748538011701,-1.8404907975460107
20,-2.5,0.0,0.15,45,5,29,0,29,-15.91056747932107,0.0,0.0,-4.231252878635006,0.02058893005242021,-0.5486402579076232,-0.32163742690058506,-0.9202453987730054
20,-2.5,0.0,0.15,45,10,29,0,29,-31.82113495864214,0.0,0.0,-4.231252878635006,0.04117786010484133,-1.0972805158152463,-0.6432748538011701,-1.8404907975460107
20,-2.5,0.0,0.15,60,5,29,0,29,-15.91056747932107,0.0,0.0,-4.231252878635006,0.02058893005242021,-0.5486402579076232,-0.32163742690058506,-0.9202453987730054
20,-2.5,0.0,0.15,60,10,29,0,29,-31.82113495864214,0.0,0.0,-4.231252878635006,0.04117786010484133,-1.0972805158152463,-0.6432748538011701,-1.8404907975460107
10,-1.5,-0.5,0.08,45,5,69,0,69,-40.322536332872176,0.0,0.0,-4.24136677829875,0.04479622054339814,-0.5843845845343794,-0.3658536585365857,-0.9259259259259258
10,-1.5,-0.5,0.08,45,10,69,0,69,-80.64507266574435,0.0,0.0,-4.24136677829875,0.08959244108679741,-1.1687691690687587,-0.7317073170731714,-1.8518518518518516
10,-1.5,-0.5,0.08,60,5,69,0,69,-40.322536332872176,0.0,0.0,-4.24136677829875,0.04479622054339814,-0.5843845845343794,-0.3658536585365857,-0.9259259259259258
10,-1.5,-0.5,0.08,60,10,69,0,69,-80.64507266574435,0.0,0.0,-4.24136677829875,0.08959244108679741,-1.1687691690687587,-0.7317073170731714,-1.8518518518518516
20,-1.5,0.0,0.1,45,5,47,0,47,-25.56230931918507,0.0,0.0,-4.243389062392976,0.0302406718922839,-0.5438789216847887,-0.32163742690058506,-0.8950617283950609
20,-1.5,0.0,0.1,45,10,47,0,47,-51.12461863837014,0.0,0.0,-4.243389062392976,0.06048134378456973,-1.0877578433695774,-0.6432748538011701,-1.7901234567901219
20,-1.5,0.0,0.1,60,5,47,0,47,-25.56230931918507,0.0,0.0,-4.243389062392976,0.0302406718922839,-0.5438789216847887,-0.32163742690058506,-0.8950617283950609
20,-1.5,0.0,0.1,60,10,47,0,47,-51.12461863837014,0.0,0.0,-4.243389062392976,0.06048134378456973,-1.0877578433695774,-0.6432748538011701,-1.7901234567901219
20,-1.5,0.0,0.15,45,5,47,0,47,-25.56230931918507,0.0,0.0,-4.243389062392976,0.0302406718922839,-0.5438789216847887,-0.32163742690058506,-0.8950617283950609
20,-1.5,0.0,0.15,45,10,47,0,47,-51.12461863837014,0.0,0.0,-4.243389062392976,0.06048134378456973,-1.0877578433695774,-0.6432748538011701,-1.7901234567901219
20,-1.5,0.0,0.15,60,5,47,0,47,-25.56230931918507,0.0,0.0,-4.243389062392976,0.0302406718922839,-0.5438789216847887,-0.32163742690058506,-0.8950617283950609
20,-1.5,0.0,0.15,60,10,47,0,47,-51.12461863837014,0.0,0.0,-4.243389062392976,0.06048134378456973,-1.0877578433695774,-0.6432748538011701,-1.7901234567901219
10,-2.0,-0.5,0.08,45,5,57,0,57,-33.216681581227256,0.0,0.0,-4.252360002549609,0.03769036579175338,-0.5827487996706536,-0.3658536585365857,-0.9259259259259258
10,-2.0,-0.5,0.08,45,10,57,0,57,-66.43336316245451,0.0,0.0,-4.252360002549609,0.07538073158350733,-1.1654975993413073,-0.7317073170731714,-1.8518518518518516
10,-2.0,-0.5,0.08,60,5,57,0,57,-33.216681581227256,0.0,0.0,-4.252360002549609,0.03769036579175338,-0.5827487996706536,-0.3658536585365857,-0.9259259259259258
10,-2.0,-0.5,0.08,60,10,57,0,57,-66.43336316245451,0.0,0.0,-4.252360002549609,0.07538073158350733,-1.1654975993413073,-0.7317073170731714,-1.8518518518518516
10,-2.5,0.0,0.08,45,5,37,0,37,-20.387119222015667,0.0,0.0,-4.4038301271076135,0.025065481795114804,-0.5510032222166397,-0.32163742690058506,-0.9259259259259252
10,-2.5,0.0,0.08,45,10,37,0,37,-40.77423844403133,0.0,0.0,-4.4038301271076135,0.05013096359023041,-1.1020064444332793,-0.6432748538011701,-1.8518518518518503
10,-2.5,0.0,0.08,60,5,37,0,37,-20.387119222015667,0.0,0.0,-4.4038301271076135,0.025065481795114804,-0.5510032222166397,-0.32163742690058506,-0.9259259259259252
10,-2.5,0.0,0.08,60,10,37,0,37,-40.77423844403133,0.0,0.0,-4.4038301271076135,0.05013096359023041,-1.1020064444332793,-0.6432748538011701,-1.8518518518518503
10,-2.5,0.5,0.08,45,5,37,0,37,-20.359646694543137,0.0,0.0,-4.424383493879821,0.025038009267642224,-0.5502607214741388,-0.32163742690058506,-0.9259259259259252
10,-2.5,0.5,0.08,45,10,37,0,37,-40.719293389086275,0.0,0.0,-4.424383493879821,0.05007601853528536,-1.1005214429482777,-0.6432748538011701,-1.8518518518518503
10,-2.5,0.5,0.08,60,5,37,0,37,-20.359646694543137,0.0,0.0,-4.424383493879821,0.025038009267642224,-0.5502607214741388,-0.32163742690058506,-0.9259259259259252
10,-2.5,0.5,0.08,60,10,37,0,37,-40.719293389086275,0.0,0.0,-4.424383493879821,0.05007601853528536,-1.1005214429482777,-0.6432748538011701,-1.8518518518518503
20,-2.0,-0.5,0.1,45,5,40,0,40,-21.768768143859276,0.0,0.0,-4.512554550194431,0.026447130716958325,-0.5442192035964819,-0.32163742690058506,-0.8695652173913043
20,-2.0,-0.5,0.1,45,10,40,0,40,-43.53753628771855,0.0,0.0,-4.512554550194431,0.05289426143391779,-1.0884384071929638,-0.6432748538011701,-1.7391304347826086
20,-2.0,-0.5,0.1,60,5,40,0,40,-21.768768143859276,0.0,0.0,-4.512554550194431,0.026447130716958325,-0.5442192035964819,-0.32163742690058506,-0.8695652173913043
20,-2.0,-0.5,0.1,60,10,40,0,40,-43.53753628771855,0.0,0.0,-4.512554550194431,0.05289426143391779,-1.0884384071929638,-0.6432748538011701,-1.7391304347826086
20,-2.0,-0.5,0.15,45,5,40,0,40,-21.768768143859276,0.0,0.0,-4.512554550194431,0.026447130716958325,-0.5442192035964819,-0.32163742690058506,-0.8695652173913043
20,-2.0,-0.5,0.15,45,10,40,0,40,-43.53753628771855,0.0,0.0,-4.512554550194431,0.05289426143391779,-1.0884384071929638,-0.6432748538011701,-1.7391304347826086
20,-2.0,-0.5,0.15,60,5,40,0,40,-21.768768143859276,0.0,0.0,-4.512554550194431,0.026447130716958325,-0.5442192035964819,-0.32163742690058506,-0.8695652173913043
20,-2.0,-0.5,0.15,60,10,40,0,40,-43.53753628771855,0.0,0.0,-4.512554550194431,0.05289426143391779,-1.0884384071929638,-0.6432748538011701,-1.7391304347826086
10,-2.5,0.0,0.1,45,5,37,0,37,-20.274287811370048,0.0,0.0,-4.552128814597036,0.024952650384469054,-0.547953724631623,-0.32163742690058506,-0.8950617283950609
10,-2.5,0.0,0.1,45,10,37,0,37,-40.548575622740096,0.0,0.0,-4.552128814597036,0.04990530076893913,-1.095907449263246,-0.6432748538011701,-1.7901234567901219
10,-2.5,0.0,0.1,60,5,37,0,37,-20.274287811370048,0.0,0.0,-4.552128814597036,0.024952650384469054,-0.547953724631623,-0.32163742690058506,-0.8950617283950609
10,-2.5,0.0,0.1,60,10,37,0,37,-40.548575622740096,0.0,0.0,-4.552128814597036,0.04990530076893913,-1.095907449263246,-0.6432748538011701,-1.7901234567901219
10,-2.5,0.0,0.15,45,5,37,0,37,-20.274287811370048,0.0,0.0,-4.552128814597036,0.024952650384469054,-0.547953724631623,-0.32163742690058506,-0.8950617283950609
10,-2.5,0.0,0.15,45,10,37,0,37,-40.548575622740096,0.0,0.0,-4.552128814597036,0.04990530076893913,-1.095907449263246,-0.6432748538011701,-1.7901234567901219
10,-2.5,0.0,0.15,60,5,37,0,37,-20.274287811370048,0.0,0.0,-4.552128814597036,0.024952650384469054,-0.547953724631623,-0.32163742690058506,-0.8950617283950609
10,-2.5,0.0,0.15,60,10,37,0,37,-40.548575622740096,0.0,0.0,-4.552128814597036,0.04990530076893913,-1.095907449263246,-0.6432748538011701,-1.7901234567901219
10,-2.5,0.5,0.1,45,5,37,0,37,-20.24681528389752,0.0,0.0,-4.576307749979423,0.02492517785699647,-0.5472112238891221,-0.32163742690058506,-0.8950617283950609
10,-2.5,0.5,0.1,45,10,37,0,37,-40.49363056779504,0.0,0.0,-4.576307749979423,0.04985035571399408,-1.0944224477782443,-0.6432748538011701,-1.7901234567901219
10,-2.5,0.5,0.1,60,5,37,0,37,-20.24681528389752,0.0,0.0,-4.576307749979423,0.02492517785699647,-0.5472112238891221,-0.32163742690058506,-0.8950617283950609
10,-2.5,0.5,0.1,60,10,37,0,37,-40.49363056779504,0.0,0.0,-4.576307749979423,0.04985035571399408,-1.0944224477782443,-0.6432748538011701,-1.7901234567901219
10,-2.5,0.5,0.15,45,5,37,0,37,-20.24681528389752,0.0,0.0,-4.576307749979423,0.02492517785699647,-0.5472112238891221,-0.32163742690058506,-0.8950617283950609
10,-2.5,0.5,0.15,45,10,37,0,37,-40.49363056779504,0.0,0.0,-4.576307749979423,0.04985035571399408,-1.0944224477782443,-0.6432748538011701,-1.7901234567901219
10,-2.5,0.5,0.15,60,5,37,0,37,-20.24681528389752,0.0,0.0,-4.576307749979423,0.02492517785699647,-0.5472112238891221,-0.32163742690058506,-0.8950617283950609
10,-2.5,0.5,0.15,60,10,37,0,37,-40.49363056779504,0.0,0.0,-4.576307749979423,0.04985035571399408,-1.0944224477782443,-0.6432748538011701,-1.7901234567901219
10,-2.5,-0.5,0.08,45,5,45,0,45,-24.70171276980516,0.0,0.0,-4.589340329423716,0.029175396980331243,-0.5489269504401146,-0.3658536585365857,-0.9259259259259252
10,-2.5,-0.5,0.08,45,10,45,0,45,-49.40342553961032,0.0,0.0,-4.589340329423716,0.058350793960663165,-1.0978539008802293,-0.7317073170731714,-1.8518518518518503
10,-2.5,-0.5,0.08,60,5,45,0,45,-24.70171276980516,0.0,0.0,-4.589340329423716,0.029175396980331243,-0.5489269504401146,-0.3658536585365857,-0.9259259259259252
10,-2.5,-0.5,0.08,60,10,45,0,45,-49.40342553961032,0.0,0.0,-4.589340329423716,0.058350793960663165,-1.0978539008802293,-0.7317073170731714,-1.8518518518518503
20,-2.0,0.5,0.1,45,5,35,0,35,-19.21304876283869,0.0,0.0,-4.655635803333989,0.023891411335937845,-0.5489442503668197,-0.32163742690058506,-0.8695652173913043
20,-2.0,0.5,0.1,45,10,35,0,35,-38.42609752567738,0.0,0.0,-4.655635803333989,0.0477828226718766,-1.0978885007336394,-0.6432748538011701,-1.7391304347826086
20,-2.0,0.5,0.1,60,5,35,0,35,-19.21304876283869,0.0,0.0,-4.655635803333989,0.023891411335937845,-0.5489442503668197,-0.32163742690058506,-0.8695652173913043
20,-2.0,0.5,0.1,60,10,35,0,35,-38.42609752567738,0.0,0.0,-4.655635803333989,0.0477828226718766,-1.0978885007336394,-0.6432748538011701,-1.7391304347826086
20,-2.0,0.5,0.15,45,5,35,0,35,-19.21304876283869,0.0,0.0,-4.655635803333989,0.023891411335937845,-0.5489442503668197,-0.32163742690058506,-0.8695652173913043
20,-2.0,0.5,0.15,45,10,35,0,35,-38.42609752567738,0.0,0.0,-4.655635803333989,0.0477828226718766,-1.0978885007336394,-0.6432748538011701,-1.7391304347826086
20,-2.0,0.5,0.15,60,5,35,0,35,-19.21304876283869,0.0,0.0,-4.655635803333989,0.023891411335937845,-0.5489442503668197,-0.32163742690058506,-0.8695652173913043
20,-2.0,0.5,0.15,60,10,35,0,35,-38.42609752567738,0.0,0.0,-4.655635803333989,0.0477828226718766,-1.0978885007336394,-0.6432748538011701,-1.7391304347826086
20,-2.0,0.0,0.1,45,5,37,0,37,-20.559202608992535,0.0,0.0,-4.704447159483162,0.025237565182091658,-0.5556541245673658,-0.32163742690058506,-0.8695652173913043
20,-2.0,0.0,0.1,45,10,37,0,37,-41.11840521798507,0.0,0.0,-4.704447159483162,0.050475130364184335,-1.1113082491347317,-0.6432748538011701,-1.7391304347826086
20,-2.0,0.0,0.1,60,5,37,0,37,-20.559202608992535,0.0,0.0,-4.704447159483162,0.025237565182091658,-0.5556541245673658,-0.32163742690058506,-0.8695652173913043
20,-2.0,0.0,0.1,60,10,37,0,37,-41.11840521798507,0.0,0.0,-4.704447159483162,0.050475130364184335,-1.1113082491347317,-0.6432748538011701,-1.7391304347826086
20,-2.0,0.0,0.15,45,5,37,0,37,-20.559202608992535,0.0,0.0,-4.704447159483162,0.025237565182091658,-0.5556541245673658,-0.32163742690058506,-0.8695652173913043
20,-2.0,0.0,0.15,45,10,37,0,37,-41.11840521798507,0.0,0.0,-4.704447159483162,0.050475130364184335,-1.1113082491347317,-0.6432748538011701,-1.7391304347826086
20,-2.0,0.0,0.15,60,5,37,0,37,-20.559202608992535,0.0,0.0,-4.704447159483162,0.025237565182091658,-0.5556541245673658,-0.32163742690058506,-0.8695652173913043
20,-2.0,0.0,0.15,60,10,37,0,37,-41.11840521798507,0.0,0.0,-4.704447159483162,0.050475130364184335,-1.1113082491347317,-0.6432748538011701,-1.7391304347826086
10,-2.5,-0.5,0.1,45,5,45,0,45,-24.58888135915954,0.0,0.0,-4.730274307837837,0.02906256556968549,-0.5464195857591009,-0.3658536585365857,-0.8950617283950609
10,-2.5,-0.5,0.1,45,10,45,0,45,-49.17776271831908,0.0,0.0,-4.730274307837837,0.058125131139371886,-1.0928391715182018,-0.7317073170731714,-1.7901234567901219
10,-2.5,-0.5,0.1,60,5,45,0,45,-24.58888135915954,0.0,0.0,-4.730274307837837,0.02906256556968549,-0.5464195857591009,-0.3658536585365857,-0.8950617283950609
10,-2.5,-0.5,0.1,60,10,45,0,45,-49.17776271831908,0.0,0.0,-4.730274307837837,0.058125131139371886,-1.0928391715182018,-0.7317073170731714,-1.7901234567901219
10,-2.5,-0.5,0.15,45,5,45,0,45,-24.58888135915954,0.0,0.0,-4.730274307837837,0.02906256556968549,-0.5464195857591009,-0.3658536585365857,-0.8950617283950609
10,-2.5,-0.5,0.15,45,10,45,0,45,-49.17776271831908,0.0,0.0,-4.730274307837837,0.058125131139371886,-1.0928391715182018,-0.7317073170731714,-1.7901234567901219
10,-2.5,-0.5,0.15,60,5,45,0,45,-24.58888135915954,0.0,0.0,-4.730274307837837,0.02906256556968549,-0.5464195857591009,-0.3658536585365857,-0.8950617283950609
10,-2.5,-0.5,0.15,60,10,45,0,45,-49.17776271831908,0.0,0.0,-4.730274307837837,0.058125131139371886,-1.0928391715182018,-0.7317073170731714,-1.7901234567901219
10,-2.0,0.0,0.1,45,5,44,0,44,-24.723932984500415,0.0,0.0,-4.876920545216717,0.029402295557599472,-0.5619075678295549,-0.32163742690058506,-0.8950617283950609
10,-2.0,0.0,0.1,45,10,44,0,44,-49.44786596900083,0.0,0.0,-4.876920545216717,0.05880459111519974,-1.1238151356591097,-0.6432748538011701,-1.7901234567901219
10,-2.0,0.0,0.1,60,5,44,0,44,-24.723932984500415,0.0,0.0,-4.876920545216717,0.029402295557599472,-0.5619075678295549,-0.32163742690058506,-0.8950617283950609
10,-2.0,0.0,0.1,60,10,44,0,44,-49.44786596900083,0.0,0.0,-4.876920545216717,0.05880459111519974,-1.1238151356591097,-0.6432748538011701,-1.7901234567901219
10,-2.0,0.0,0.15,45,5,44,0,44,-24.723932984500415,0.0,0.0,-4.876920545216717,0.029402295557599472,-0.5619075678295549,-0.32163742690058506,-0.8950617283950609
10,-2.0,0.0,0.15,45,10,44,0,44,-49.44786596900083,0.0,0.0,-4.876920545216717,0.05880459111519974,-1.1238151356591097,-0.6432748538011701,-1.7901234567901219
10,-2.0,0.0,0.15,60,5,44,0,44,-24.723932984500415,0.0,0.0,-4.876920545216717,0.029402295557599472,-0.5619075678295549,-0.32163742690058506,-0.8950617283950609
10,-2.0,0.0,0.15,60,10,44,0,44,-49.44786596900083,0.0,0.0,-4.876920545216717,0.05880459111519974,-1.1238151356591097,-0.6432748538011701,-1.7901234567901219
10,-2.0,0.5,0.1,45,5,44,0,44,-24.69646045702789,0.0,0.0,-4.897850809891336,0.029374823030126892,-0.5612831922051793,-0.32163742690058506,-0.8950617283950609
10,-2.0,0.5,0.1,45,10,44,0,44,-49.39292091405578,0.0,0.0,-4.897850809891336,0.05874964606025469,-1.1225663844103586,-0.6432748538011701,-1.7901234567901219
10,-2.0,0.5,0.1,60,5,44,0,44,-24.69646045702789,0.0,0.0,-4.897850809891336,0.029374823030126892,-0.5612831922051793,-0.32163742690058506,-0.8950617283950609
10,-2.0,0.5,0.1,60,10,44,0,44,-49.39292091405578,0.0,0.0,-4.897850809891336,0.05874964606025469,-1.1225663844103586,-0.6432748538011701,-1.7901234567901219
10,-2.0,0.5,0.15,45,5,44,0,44,-24.69646045702789,0.0,0.0,-4.897850809891336,0.029374823030126892,-0.5612831922051793,-0.32163742690058506,-0.8950617283950609
10,-2.0,0.5,0.15,45,10,44,0,44,-49.39292091405578,0.0,0.0,-4.897850809891336,0.05874964606025469,-1.1225663844103586,-0.6432748538011701,-1.7901234567901219
10,-2.0,0.5,0.15,60,5,44,0,44,-24.69646045702789,0.0,0.0,-4.897850809891336,0.029374823030126892,-0.5612831922051793,-0.32163742690058506,-0.8950617283950609
10,-2.0,0.5,0.15,60,10,44,0,44,-49.39292091405578,0.0,0.0,-4.897850809891336,0.05874964606025469,-1.1225663844103586,-0.6432748538011701,-1.7901234567901219
10,-1.5,0.5,0.1,45,5,51,0,51,-28.660514840615456,0.0,0.0,-4.975143159470913,0.033338877413714274,-0.561970879227754,-0.32163742690058506,-0.8950617283950609
10,-1.5,0.5,0.1,45,10,51,0,51,-57.32102968123091,0.0,0.0,-4.975143159470913,0.06667775482743002,-1.123941758455508,-0.6432748538011701,-1.7901234567901219
10,-1.5,0.5,0.1,60,5,51,0,51,-28.660514840615456,0.0,0.0,-4.975143159470913,0.033338877413714274,-0.561970879227754,-0.32163742690058506,-0.8950617283950609
10,-1.5,0.5,0.1,60,10,51,0,51,-57.32102968123091,0.0,0.0,-4.975143159470913,0.06667775482743002,-1.123941758455508,-0.6432748538011701,-1.7901234567901219
10,-1.5,0.5,0.15,45,5,51,0,51,-28.660514840615456,0.0,0.0,-4.975143159470913,0.033338877413714274,-0.561970879227754,-0.32163742690058506,-0.8950617283950609
10,-1.5,0.5,0.15,45,10,51,0,51,-57.32102968123091,0.0,0.0,-4.975143159470913,0.06667775482743002,-1.123941758455508,-0.6432748538011701,-1.7901234567901219
10,-1.5,0.5,0.15,60,5,51,0,51,-28.660514840615456,0.0,0.0,-4.975143159470913,0.033338877413714274,-0.561970879227754,-0.32163742690058506,-0.8950617283950609
10,-1.5,0.5,0.15,60,10,51,0,51,-57.32102968123091,0.0,0.0,-4.975143159470913,0.06667775482743002,-1.123941758455508,-0.6432748538011701,-1.7901234567901219
10,-1.5,0.0,0.1,45,5,52,0,52,-29.34732802742864,0.0,0.0,-4.986724585197251,0.034025690600527465,-0.5643716928351662,-0.32163742690058506,-0.8950617283950609
10,-1.5,0.0,0.1,45,10,52,0,52,-58.69465605485728,0.0,0.0,-4.986724585197251,0.06805138120105642,-1.1287433856703324,-0.6432748538011701,-1.7901234567901219
10,-1.5,0.0,0.1,60,5,52,0,52,-29.34732802742864,0.0,0.0,-4.986724585197251,0.034025690600527465,-0.5643716928351662,-0.32163742690058506,-0.8950617283950609
10,-1.5,0.0,0.1,60,10,52,0,52,-58.69465605485728,0.0,0.0,-4.986724585197251,0.06805138120105642,-1.1287433856703324,-0.6432748538011701,-1.7901234567901219
10,-1.5,0.0,0.15,45,5,52,0,52,-29.34732802742864,0.0,0.0,-4.986724585197251,0.034025690600527465,-0.5643716928351662,-0.32163742690058506,-0.8950617283950609
10,-1.5,0.0,0.15,45,10,52,0,52,-58.69465605485728,0.0,0.0,-4.986724585197251,0.06805138120105642,-1.1287433856703324,-0.6432748538011701,-1.7901234567901219
10,-1.5,0.0,0.15,60,5,52,0,52,-29.34732802742864,0.0,0.0,-4.986724585197251,0.034025690600527465,-0.5643716928351662,-0.32163742690058506,-0.8950617283950609
10,-1.5,0.0,0.15,60,10,52,0,52,-58.69465605485728,0.0,0.0,-4.986724585197251,0.06805138120105642,-1.1287433856703324,-0.6432748538011701,-1.7901234567901219
10,-2.0,-0.5,0.1,45,5,54,0,54,-30.357057727870284,0.0,0.0,-5.031331724415259,0.034830741938396276,-0.5621677357013015,-0.3658536585365857,-0.8950617283950609
10,-2.0,-0.5,0.1,45,10,54,0,54,-60.71411545574057,0.0,0.0,-5.031331724415259,0.06966148387679334,-1.124335471402603,-0.7317073170731714,-1.7901234567901219
10,-2.0,-0.5,0.1,60,5,54,0,54,-30.357057727870284,0.0,0.0,-5.031331724415259,0.034830741938396276,-0.5621677357013015,-0.3658536585365857,-0.8950617283950609
10,-2.0,-0.5,0.1,60,10,54,0,54,-60.71411545574057,0.0,0.0,-5.031331724415259,0.06966148387679334,-1.124335471402603,-0.7317073170731714,-1.7901234567901219
10,-2.0,-0.5,0.15,45,5,54,0,54,-30.357057727870284,0.0,0.0,-5.031331724415259,0.034830741938396276,-0.5621677357013015,-0.3658536585365857,-0.8950617283950609
10,-2.0,-0.5,0.15,45,10,54,0,54,-60.71411545574057,0.0,0.0,-5.031331724415259,0.06966148387679334,-1.124335471402603,-0.7317073170731714,-1.7901234567901219
10,-2.0,-0.5,0.15,60,5,54,0,54,-30.357057727870284,0.0,0.0,-5.031331724415259,0.034830741938396276,-0.5621677357013015,-0.3658536585365857,-0.8950617283950609
10,-2.0,-0.5,0.15,60,10,54,0,54,-60.71411545574057,0.0,0.0,-5.031331724415259,0.06966148387679334,-1.124335471402603,-0.7317073170731714,-1.7901234567901219
10,-1.5,-0.5,0.1,45,5,64,0,64,-36.00626029660604,0.0,0.0,-5.064373499657383,0.04047994450713179,-0.5625978171344693,-0.3658536585365857,-0.8950617283950609
10,-1.5,-0.5,0.1,45,10,64,0,64,-72.01252059321207,0.0,0.0,-5.064373499657383,0.08095988901426505,-1.1251956342689386,-0.7317073170731714,-1.7901234567901219
10,-1.5,-0.5,0.1,60,5,64,0,64,-36.00626029660604,0.0,0.0,-5.064373499657383,0.04047994450713179,-0.5625978171344693,-0.3658536585365857,-0.8950617283950609
10,-1.5,-0.5,0.1,60,10,64,0,64,-72.01252059321207,0.0,0.0,-5.064373499657383,0.08095988901426505,-1.1251956342689386,-0.7317073170731714,-1.7901234567901219
10,-1.5,-0.5,0.15,45,5,64,0,64,-36.00626029660604,0.0,0.0,-5.064373499657383,0.04047994450713179,-0.5625978171344693,-0.3658536585365857,-0.8950617283950609
10,-1.5,-0.5,0.15,45,10,64,0,64,-72.01252059321207,0.0,0.0,-5.064373499657383,0.08095988901426505,-1.1251956342689386,-0.7317073170731714,-1.7901234567901219
10,-1.5,-0.5,0.15,60,5,64,0,64,-36.00626029660604,0.0,0.0,-5.064373499657383,0.04047994450713179,-0.5625978171344693,-0.3658536585365857,-0.8950617283950609
10,-1.5,-0.5,0.15,60,10,64,0,64,-72.01252059321207,0.0,0.0,-5.064373499657383,0.08095988901426505,-1.1251956342689386,-0.7317073170731714,-1.7901234567901219
