ma_window,entry_zscore,exit_zscore,stop_loss_pct,timeout_minutes,position_size_usdc,total_trades,winners,losers,total_pnl,win_rate,profit_factor,sharpe_ratio,max_drawdown,avg_trade_pnl,best_trade,worst_trade
10,-2.5,0.5,0.15,45,5,6,4,2,6.457090385079955,0.6666666666666666,17.722202433156507,0.7898011029235429,0.005138674672211327,1.076181730846659,2.6339285714285716,-0.23402884073149133
10,-2.5,0.5,0.15,45,10,6,4,2,12.91418077015991,0.6666666666666666,17.722202433156507,0.7898011029235429,0.01025061864214689,2.152363461693318,5.267857142857143,-0.46805768146298266
10,-2.5,0.5,0.15,60,5,6,4,2,6.457090385079955,0.6666666666666666,17.722202433156507,0.7898011029235429,0.005138674672211327,1.076181730846659,2.6339285714285716,-0.23402884073149133
10,-2.5,0.5,0.15,60,10,6,4,2,12.91418077015991,0.6666666666666666,17.722202433156507,0.7898011029235429,0.01025061864214689,2.152363461693318,5.267857142857143,-0.46805768146298266
10,-2.5,0.5,0.1,45,5,6,3,3,5.262061704391618,0.5,4.442437072710714,0.5455818032967497,0.006111302068399589,0.8770102840652697,2.6339285714285716,-1.1424474187380493
10,-2.5,0.5,0.1,45,10,6,3,3,10.524123408783236,0.5,4.442437072710714,0.5455818032967497,0.012160941940712216,1.7540205681305394,5.267857142857143,-2.2848948374760987
10,-2.5,0.5,0.1,60,5,6,3,3,5.262061704391618,0.5,4.442437072710714,0.5455818032967497,0.006111302068399589,0.8770102840652697,2.6339285714285716,-1.1424474187380493
10,-2.5,0.5,0.1,60,10,6,3,3,10.524123408783236,0.5,4.442437072710714,0.5455818032967497,0.012160941940712216,1.7540205681305394,5.267857142857143,-2.2848948374760987
10,-2.5,0.0,0.15,45,5,6,3,3,3.532135420505797,0.5,4.267958584062102,0.49741166767274425,0.0056377815149494265,0.5886892367509662,2.2232142857142856,-0.6596558317399615
10,-2.5,0.0,0.15,45,10,6,3,3,7.064270841011594,0.5,4.267958584062102,0.49741166767274425,0.01123215126735237,1.1773784735019324,4.446428571428571,-1.319311663479923
10,-2.5,0.0,0.15,60,5,6,3,3,3.532135420505797,0.5,4.267958584062102,0.49741166767274425,0.0056377815149494265,0.5886892367509662,2.2232142857142856,-0.6596558317399615
10,-2.5,0.0,0.15,60,10,6,3,3,7.064270841011594,0.5,4.267958584062102,0.49741166767274425,0.01123215126735237,1.1773784735019324,4.446428571428571,-1.319311663479923
10,-2.5,0.5,0.08,45,5,6,3,3,4.643808514990244,0.5,3.163090821011704,0.4543180640165122,0.006115063556078918,0.7739680858317074,2.6339285714285716,-1.1424474187380493
10,-2.5,0.5,0.08,45,10,6,3,3,9.287617029980488,0.5,3.163090821011704,0.4543180640165122,0.012175845543364903,1.5479361716634148,5.267857142857143,-2.2848948374760987
10,-2.5,0.5,0.08,60,5,6,3,3,4.643808514990244,0.5,3.163090821011704,0.4543180640165122,0.006115063556078918,0.7739680858317074,2.6339285714285716,-1.1424474187380493
10,-2.5,0.5,0.08,60,10,6,3,3,9.287617029980488,0.5,3.163090821011704,0.4543180640165122,0.012175845543364903,1.5479361716634148,5.267857142857143,-2.2848948374760987
10,-2.5,0.0,0.1,45,5,6,3,3,3.049343833507709,0.5,2.9501695950258022,0.3920323241356886,0.006118707134045547,0.5082239722512848,2.2232142857142856,-1.1424474187380493
10,-2.5,0.0,0.1,45,10,6,3,3,6.098687667015418,0.5,2.9501695950258022,0.3920323241356886,0.012190299306206001,1.0164479445025696,4.446428571428571,-2.2848948374760987
10,-2.5,0.0,0.1,60,5,6,3,3,3.049343833507709,0.5,2.9501695950258022,0.3920323241356886,0.006118707134045547,0.5082239722512848,2.2232142857142856,-1.1424474187380493
10,-2.5,0.0,0.1,60,10,6,3,3,6.098687667015418,0.5,2.9501695950258022,0.3920323241356886,0.012190299306206001,1.0164479445025696,4.446428571428571,-2.2848948374760987
10,-2.5,-0.5,0.15,45,5,6,3,3,2.5247194407143216,0.5,3.190574630300338,0.3864169167155372,0.005640552215138221,0.42078657345238696,2.0300157977883098,-0.6596558317399615
10,-2.5,-0.5,0.15,45,10,6,3,3,5.049438881428643,0.5,3.190574630300338,0.3864169167155372,0.011243154258968484,0.8415731469047739,4.0600315955766195,-1.319311663479923
10,-2.5,-0.5,0.15,60,5,6,3,3,2.5247194407143216,0.5,3.190574630300338,0.3864169167155372,0.005640552215138221,0.42078657345238696,2.0300157977883098,-0.6596558317399615
10,-2.5,-0.5,0.15,60,10,6,3,3,5.049438881428643,0.5,3.190574630300338,0.3864169167155372,0.011243154258968484,0.8415731469047739,4.0600315955766195,-1.319311663479923
20,-2.5,0.5,0.1,45,5,18,7,11,6.179875125156201,0.3888888888888889,4.044490038929507,0.30897384136506084,0.00579854902966963,0.3433263958420112,3.544642857142857,-0.5841242450388265
20,-2.5,0.5,0.1,45,10,18,7,11,12.359750250312402,0.3888888888888889,4.044490038929507,0.30897384136506084,0.011597098059339032,0.6866527916840224,7.089285714285714,-1.168248490077653
20,-2.5,0.5,0.1,60,5,18,7,11,6.179875125156201,0.3888888888888889,4.044490038929507,0.30897384136506084,0.00579854902966963,0.3433263958420112,3.544642857142857,-0.5841242450388265
20,-2.5,0.5,0.1,60,10,18,7,11,12.359750250312402,0.3888888888888889,4.044490038929507,0.30897384136506084,0.011597098059339032,0.6866527916840224,7.089285714285714,-1.168248490077653
20,-2.5,0.5,0.15,45,5,18,7,11,5.943895832662673,0.3888888888888889,3.623269629124577,0.2937644416542495,0.006034528322163055,0.3302164351479263,3.544642857142857,-0.8201035375323549
20,-2.5,0.5,0.15,45,10,18,7,11,11.887791665325347,0.3888888888888889,3.623269629124577,0.2937644416542495,0.01206905664432611,0.6604328702958526,7.089285714285714,-1.6402070750647098
20,-2.5,0.5,0.15,60,5,18,7,11,5.943895832662673,0.3888888888888889,3.623269629124577,0.2937644416542495,0.006034528322163055,0.3302164351479263,3.544642857142857,-0.8201035375323549
20,-2.5,0.5,0.15,60,10,18,7,11,11.887791665325347,0.3888888888888889,3.623269629124577,0.2937644416542495,0.01206905664432611,0.6604328702958526,7.089285714285714,-1.6402070750647098
10,-2.5,0.0,0.08,45,5,6,3,3,2.431090644106335,0.5,2.1142166411204255,0.2933623812114238,0.006122477745650058,0.40518177401772254,2.2232142857142856,-1.1424474187380493
10,-2.5,0.0,0.08,45,10,6,3,3,4.86218128821267,0.5,2.1142166411204255,0.2933623812114238,0.01220527499669979,0.8103635480354451,4.446428571428571,-2.2848948374760987
10,-2.5,0.0,0.08,60,5,6,3,3,2.431090644106335,0.5,2.1142166411204255,0.2933623812114238,0.006122477745650058,0.40518177401772254,2.2232142857142856,-1.1424474187380493
10,-2.5,0.0,0.08,60,10,6,3,3,4.86218128821267,0.5,2.1142166411204255,0.2933623812114238,0.01220527499669979,0.8103635480354451,4.446428571428571,-2.2848948374760987
10,-2.5,-0.5,0.1,45,5,6,3,3,2.0419278537162335,0.5,2.2486342053635413,0.28426322175192525,0.006121714186193014,0.34032130895270557,2.0300157977883098,-1.1424474187380493
10,-2.5,-0.5,0.1,45,10,6,3,3,4.083855707432467,0.5,2.2486342053635413,0.28426322175192525,0.012202240897613691,0.6806426179054111,4.0600315955766195,-2.2848948374760987
10,-2.5,-0.5,0.1,60,5,6,3,3,2.0419278537162335,0.5,2.2486342053635413,0.28426322175192525,0.006121714186193014,0.34032130895270557,2.0300157977883098,-1.1424474187380493
10,-2.5,-0.5,0.1,60,10,6,3,3,4.083855707432467,0.5,2.2486342053635413,0.28426322175192525,0.012202240897613691,0.6806426179054111,4.0600315955766195,-2.2848948374760987
20,-2.5,0.5,0.08,45,5,18,7,11,5.4277211936886935,0.3888888888888889,2.9510074107244137,0.2622418278547838,0.006075404395373699,0.3015400663160385,3.544642857142857,-1.0882956878850107
20,-2.5,0.5,0.08,45,10,18,7,11,10.855442387377387,0.3888888888888889,2.9510074107244137,0.2622418278547838,0.012125135158571788,0.603080132632077,7.089285714285714,-2.1765913757700215
20,-2.5,0.5,0.08,60,5,18,7,11,5.4277211936886935,0.3888888888888889,2.9510074107244137,0.2622418278547838,0.006075404395373699,0.3015400663160385,3.544642857142857,-1.0882956878850107
20,-2.5,0.5,0.08,60,10,18,7,11,10.855442387377387,0.3888888888888889,2.9510074107244137,0.2622418278547838,0.012125135158571788,0.603080132632077,7.089285714285714,-2.1765913757700215
20,-2.5,0.0,0.1,45,5,18,6,12,3.0401238933649775,0.3333333333333333,2.0755392710947422,0.1907651703437072,0.0058533313419684594,0.16889577185360985,2.7330173775671414,-0.5841242450388265
20,-2.5,0.0,0.1,45,10,18,6,12,6.080247786729955,0.3333333333333333,2.0755392710947422,0.1907651703437072,0.01166388977688599,0.3377915437072197,5.466034755134283,-1.168248490077653
20,-2.5,0.0,0.1,60,5,18,6,12,3.0401238933649775,0.3333333333333333,2.0755392710947422,0.1907651703437072,0.0058533313419684594,0.16889577185360985,2.7330173775671414,-0.5841242450388265
20,-2.5,0.0,0.1,60,10,18,6,12,6.080247786729955,0.3333333333333333,2.0755392710947422,0.1907651703437072,0.01166388977688599,0.3377915437072197,5.466034755134283,-1.168248490077653
30,-2.5,0.5,0.15,45,5,18,5,13,3.77449874955954,0.2777777777777778,2.025093912811957,0.190049540021721,0.006255095350253852,0.20969437497553,3.544642857142857,-0.9100337049520352
30,-2.5,0.5,0.15,45,10,18,5,13,7.54899749911908,0.2777777777777778,2.025093912811957,0.190049540021721,0.01249791607246395,0.41938874995106,7.089285714285714,-1.8200674099040703
10,-2.5,-0.5,0.08,45,5,6,3,3,1.42367466431486,0.5,1.6317384857793074,0.18649405299869096,0.0061254885060021075,0.23727911071914332,2.0300157977883098,-1.1424474187380493
10,-2.5,-0.5,0.08,45,10,6,3,3,2.84734932862972,0.5,1.6317384857793074,0.18649405299869096,0.012217245960845297,0.47455822143828663,4.0600315955766195,-2.2848948374760987
10,-2.5,-0.5,0.08,60,5,6,3,3,1.42367466431486,0.5,1.6317384857793074,0.18649405299869096,0.0061254885060021075,0.23727911071914332,2.0300157977883098,-1.1424474187380493
10,-2.5,-0.5,0.08,60,10,6,3,3,2.84734932862972,0.5,1.6317384857793074,0.18649405299869096,0.012217245960845297,0.47455822143828663,4.0600315955766195,-2.2848948374760987
30,-2.5,0.5,0.15,60,5,18,5,13,3.709526676152496,0.2777777777777778,1.9899799538974068,0.18642332208970874,0.006255095350253852,0.20608481534180534,3.544642857142857,-0.9100337049520352
30,-2.5,0.5,0.15,60,10,18,5,13,7.419053352304992,0.2777777777777778,1.9899799538974068,0.18642332208970874,0.01249791607246395,0.4121696306836107,7.089285714285714,-1.8200674099040703
20,-2.5,0.0,0.15,45,5,18,6,12,2.804144600871449,0.3333333333333333,1.9156140709599365,0.1733243689840862,0.006048642648204009,0.15578581115952495,2.7330173775671414,-0.8201035375323549
20,-2.5,0.0,0.15,45,10,18,6,12,5.608289201742898,0.3333333333333333,1.9156140709599365,0.1733243689840862,0.012097285296408017,0.3115716223190499,5.466034755134283,-1.6402070750647098
20,-2.5,0.0,0.15,60,5,18,6,12,2.804144600871449,0.3333333333333333,1.9156140709599365,0.1733243689840862,0.006048642648204009,0.15578581115952495,2.7330173775671414,-0.8201035375323549
20,-2.5,0.0,0.15,60,10,18,6,12,5.608289201742898,0.3333333333333333,1.9156140709599365,0.1733243689840862,0.012097285296408017,0.3115716223190499,5.466034755134283,-1.6402070750647098
30,-2.5,0.5,0.08,45,5,18,5,13,3.354786487247387,0.2777777777777778,1.8178790035045458,0.1653035993720624,0.007043398223101354,0.1863770270692993,3.544642857142857,-1.3439752832131828
30,-2.5,0.5,0.08,45,10,18,5,13,6.709572974494774,0.2777777777777778,1.8178790035045458,0.1653035993720624,0.014067759231645403,0.3727540541385986,7.089285714285714,-2.6879505664263657
30,-2.5,0.5,0.08,60,5,18,5,13,3.272716499785857,0.2777777777777778,1.7822199475482319,0.16089860356735566,0.007043398223101354,0.1818175833214365,3.544642857142857,-1.3439752832131828
30,-2.5,0.5,0.08,60,10,18,5,13,6.545432999571714,0.2777777777777778,1.7822199475482319,0.16089860356735566,0.014067759231645403,0.363635166642873,7.089285714285714,-2.6879505664263657
30,-2.5,0.0,0.15,45,5,18,5,13,2.8733327777402935,0.2777777777777778,1.7253159437513776,0.15490810731784116,0.006423367583897276,0.15962959876334964,3.0803571428571423,-0.9100337049520352
30,-2.5,0.0,0.15,45,10,18,5,13,5.746665555480587,0.2777777777777778,1.7253159437513776,0.15490810731784116,0.012833809884215211,0.3192591975266993,6.160714285714285,-1.8200674099040703
20,-2.5,0.0,0.08,45,5,18,6,12,2.549776943416977,0.3333333333333333,1.7687110169512803,0.154402567399857,0.006127793852503458,0.1416542746342765,2.7330173775671414,-1.0882956878850107
20,-2.5,0.0,0.08,45,10,18,6,12,5.099553886833954,0.3333333333333333,1.7687110169512803,0.154402567399857,0.012229864209147739,0.283308549268553,5.466034755134283,-2.1765913757700215
20,-2.5,0.0,0.08,60,5,18,6,12,2.549776943416977,0.3333333333333333,1.7687110169512803,0.154402567399857,0.006127793852503458,0.1416542746342765,2.7330173775671414,-1.0882956878850107
20,-2.5,0.0,0.08,60,10,18,6,12,5.099553886833954,0.3333333333333333,1.7687110169512803,0.154402567399857,0.012229864209147739,0.283308549268553,5.466034755134283,-2.1765913757700215
30,-2.5,0.0,0.15,60,5,18,5,13,2.808360704333249,0.2777777777777778,1.6974757910809428,0.15110281567674275,0.006423367583897276,0.15602003912962495,3.0803571428571423,-0.9100337049520352
30,-2.5,0.0,0.15,60,10,18,5,13,5.616721408666498,0.2777777777777778,1.6974757910809428,0.15110281567674275,0.012833809884215211,0.3120400782592499,6.160714285714285,-1.8200674099040703
30,-2.5,0.5,0.1,45,5,18,5,13,3.0448997811330103,0.2777777777777778,1.6901874986920726,0.1484298180492814,0.00719728770277133,0.1691610989518339,3.544642857142857,-1.3439752832131828
30,-2.5,0.5,0.1,45,10,18,5,13,6.089799562266021,0.2777777777777778,1.6901874986920726,0.1484298180492814,0.014377369530322578,0.3383221979036678,7.089285714285714,-2.6879505664263657
30,-2.5,0.5,0.1,60,5,18,5,13,2.9799277077259663,0.2777777777777778,1.665656999496232,0.14502116453453504,0.00719728770277133,0.16555153931810923,3.544642857142857,-1.3439752832131828
30,-2.5,0.5,0.1,60,10,18,5,13,5.9598554154519325,0.2777777777777778,1.665656999496232,0.14502116453453504,0.014377369530322578,0.33110307863621846,7.089285714285714,-2.6879505664263657
30,-2.5,0.0,0.08,45,5,18,5,13,2.45362051542814,0.2777777777777778,1.560033447072403,0.12919488312748298,0.007211588233609632,0.1363122508571189,3.0803571428571423,-1.3439752832131828
30,-2.5,0.0,0.08,45,10,18,5,13,4.90724103085628,0.2777777777777778,1.560033447072403,0.12919488312748298,0.014403325424040665,0.2726245017142378,6.160714285714285,-2.6879505664263657
30,-2.5,0.0,0.08,60,5,18,5,13,2.37155052796661,0.2777777777777778,1.5313477918173888,0.12458127484559767,0.007211588233609632,0.1317528071092561,3.0803571428571423,-1.3439752832131828
30,-2.5,0.0,0.08,60,10,18,5,13,4.74310105593322,0.2777777777777778,1.5313477918173888,0.12458127484559767,0.014403325424040665,0.2635056142185122,6.160714285714285,-2.6879505664263657
30,-2.5,0.0,0.1,45,5,18,5,13,2.1437338093137637,0.2777777777777778,1.4569798706172632,0.11159186263476228,0.007365500223886413,0.11909632273965354,3.0803571428571423,-1.3439752832131828
30,-2.5,0.0,0.1,45,10,18,5,13,4.287467618627527,0.2777777777777778,1.4569798706172632,0.11159186263476228,0.014713025308985528,0.23819264547930707,6.160714285714285,-2.6879505664263657
30,-2.5,0.0,0.1,60,5,18,5,13,2.078761735906719,0.2777777777777778,1.4370762198787443,0.10802279120219024,0.007365500223886413,0.11548676310592884,3.0803571428571423,-1.3439752832131828
30,-2.5,0.0,0.1,60,10,18,5,13,4.157523471813438,0.2777777777777778,1.4370762198787443,0.10802279120219024,0.014713025308985528,0.23097352621185768,6.160714285714285,-2.6879505664263657
30,-2.5,-0.5,0.15,45,5,18,5,13,1.0699553638445973,0.2777777777777778,1.2424834557271727,0.06483892040205308,0.0067705610080683425,0.05944196465803318,2.575039494470775,-0.9100337049520352
30,-2.5,-0.5,0.15,45,10,18,5,13,2.1399107276891947,0.2777777777777778,1.2424834557271727,0.06483892040205308,0.0135212186789583,0.11888392931606637,5.15007898894155,-1.8200674099040703
30,-2.5,-0.5,0.15,60,5,18,5,13,1.0049832904375533,0.2777777777777778,1.2244538757662984,0.06077557850378107,0.0067705610080683425,0.055832405024308515,2.575039494470775,-0.9100337049520352
30,-2.5,-0.5,0.15,60,10,18,5,13,2.0099665808751066,0.2777777777777778,1.2244538757662984,0.06077557850378107,0.0135212186789583,0.11166481004861703,5.15007898894155,-1.8200674099040703
30,-2.5,-0.5,0.08,45,5,18,5,13,0.9128589614706527,0.2777777777777778,1.1997684822703847,0.05418904164383743,0.007296154161896562,0.050714386748369596,2.575039494470775,-1.3439752832131828
30,-2.5,-0.5,0.08,45,10,18,5,13,1.8257179229413054,0.2777777777777778,1.1997684822703847,0.05418904164383743,0.01456546764464987,0.10142877349673919,5.15007898894155,-2.6879505664263657
30,-2.5,-0.5,0.08,60,5,18,5,13,0.8307889740091225,0.2777777777777778,1.1786007484190428,0.0491937405713944,0.007296154161896562,0.04615494300050681,2.575039494470775,-1.3439752832131828
30,-2.5,-0.5,0.08,60,10,18,5,13,1.661577948018245,0.2777777777777778,1.1786007484190428,0.0491937405713944,0.01456546764464987,0.09230988600101361,5.15007898894155,-2.6879505664263657
30,-2.5,-0.5,0.1,45,5,18,5,13,0.602972255356276,0.2777777777777778,1.1235732785546373,0.03533886842686772,0.007450007792343606,0.03349845863090422,2.575039494470775,-1.3439752832131828
30,-2.5,-0.5,0.1,45,10,18,5,13,1.205944510712552,0.2777777777777778,1.1235732785546373,0.03533886842686772,0.014874930554483901,0.06699691726180844,5.15007898894155,-2.6879505664263657
30,-2.5,-0.5,0.1,60,5,18,5,13,0.5380001819492318,0.2777777777777778,1.1088090510553024,0.03147340217369067,0.007450007792343606,0.029888898997179544,2.575039494470775,-1.3439752832131828
30,-2.5,-0.5,0.1,60,10,18,5,13,1.0760003638984637,0.2777777777777778,1.1088090510553024,0.03147340217369067,0.014874930554483901,0.05977779799435909,5.15007898894155,-2.6879505664263657
20,-2.5,-0.5,0.1,45,5,18,3,15,0.04809801984262554,0.16666666666666666,1.0117422590735299,0.003749067842505658,0.0067845983506374654,0.0026721122134791965,2.116903633491313,-0.6502016129032255
20,-2.5,-0.5,0.1,45,10,18,3,15,0.09619603968525108,0.16666666666666666,1.0117422590735299,0.003749067842505658,0.013551545251862453,0.005344224426958393,4.233807266982626,-1.300403225806451
20,-2.5,-0.5,0.1,60,5,18,3,15,0.04809801984262554,0.16666666666666666,1.0117422590735299,0.003749067842505658,0.0067845983506374654,0.0026721122134791965,2.116903633491313,-0.6502016129032255
20,-2.5,-0.5,0.1,60,10,18,3,15,0.09619603968525108,0.16666666666666666,1.0117422590735299,0.003749067842505658,0.013551545251862453,0.005344224426958393,4.233807266982626,-1.300403225806451
20,-2.5,-0.5,0.15,45,5,18,3,15,-0.1878812726509028,0.16666666666666666,0.9566307032903641,-0.014373011163995439,0.006786197666868968,-0.010437848480605711,2.116903633491313,-0.8201035375323549
20,-2.5,-0.5,0.15,45,10,18,3,15,-0.3757625453018056,0.16666666666666666,0.9566307032903641,-0.014373011163995439,0.013557927384417487,-0.020875696961211422,4.233807266982626,-1.6402070750647098
20,-2.5,-0.5,0.15,60,5,18,3,15,-0.1878812726509028,0.16666666666666666,0.9566307032903641,-0.014373011163995439,0.006786197666868968,-0.010437848480605711,2.116903633491313,-0.8201035375323549
20,-2.5,-0.5,0.15,60,10,18,3,15,-0.3757625453018056,0.16666666666666666,0.9566307032903641,-0.014373011163995439,0.013557927384417487,-0.020875696961211422,4.233807266982626,-1.6402070750647098
20,-2.5,-0.5,0.08,45,5,18,3,15,-0.41144810875013926,0.16666666666666666,0.9096848508475462,-0.03069368363100138,0.007383391822244533,-0.022858228263896625,2.116903633491313,-1.0882956878850107
20,-2.5,-0.5,0.08,45,10,18,3,15,-0.8228962175002785,0.16666666666666666,0.9096848508475462,-0.03069368363100138,0.014745502577459386,-0.04571645652779325,4.233807266982626,-2.1765913757700215
20,-2.5,-0.5,0.08,60,5,18,3,15,-0.41144810875013926,0.16666666666666666,0.9096848508475462,-0.03069368363100138,0.007383391822244533,-0.022858228263896625,2.116903633491313,-1.0882956878850107
20,-2.5,-0.5,0.08,60,10,18,3,15,-0.8228962175002785,0.16666666666666666,0.9096848508475462,-0.03069368363100138,0.014745502577459386,-0.04571645652779325,4.233807266982626,-2.1765913757700215
30,-2.0,0.5,0.15,45,5,46,10,36,-7.844454803296878,0.21739130434782608,0.47095940002312825,-0.18147463894206803,0.01366075014503747,-0.17053162615862777,3.544642857142857,-4.331805359661495
30,-2.0,0.5,0.15,45,10,46,10,36,-15.688909606593755,0.21739130434782608,0.47095940002312825,-0.18147463894206803,0.027321500290074595,-0.34106325231725554,7.089285714285714,-8.66361071932299
30,-2.0,0.5,0.15,60,5,46,10,36,-7.914905233355728,0.21739130434782608,0.468732325290825,-0.1830273374952777,0.01366075014503747,-0.17206315724686363,3.544642857142857,-4.331805359661495
30,-2.0,0.5,0.15,60,10,46,10,36,-15.829810466711455,0.21739130434782608,0.468732325290825,-0.1830273374952777,0.027321500290074595,-0.34412631449372727,7.089285714285714,-8.66361071932299
30,-2.0,0.0,0.15,45,5,47,8,39,-10.700581230817402,0.1702127659574468,0.3629572562206831,-0.2555523106355996,0.015594597209946869,-0.22767194108122132,3.0803571428571423,-4.331805359661495
30,-2.0,0.0,0.15,45,10,47,8,39,-21.401162461634804,0.1702127659574468,0.3629572562206831,-0.2555523106355996,0.031189194419893738,-0.45534388216244265,6.160714285714285,-8.66361071932299
30,-2.0,0.0,0.15,60,5,47,8,39,-10.771031660876252,0.1702127659574468,0.36144131400923035,-0.25714523930857236,0.015665047640005696,-0.2291708864016224,3.0803571428571423,-4.331805359661495
30,-2.0,0.0,0.15,60,10,47,8,39,-21.542063321752504,0.1702127659574468,0.36144131400923035,-0.25714523930857236,0.03133009528001139,-0.4583417728032448,6.160714285714285,-8.66361071932299
30,-2.0,0.5,0.1,45,5,49,12,37,-13.22169744287536,0.24489795918367346,0.3583131995135846,-0.2791022748243266,0.018074135075355456,-0.26983056005868084,3.544642857142857,-4.331805359661495
30,-2.0,0.5,0.1,45,10,49,12,37,-26.44339488575072,0.24489795918367346,0.3583131995135846,-0.2791022748243266,0.03614827015071069,-0.5396611201173617,7.089285714285714,-8.66361071932299
30,-2.0,0.5,0.1,60,5,49,12,37,-13.29214787293421,0.24489795918367346,0.35709224367283987,-0.28052846737813586,0.018144585505414285,-0.2712683239374329,3.544642857142857,-4.331805359661495
30,-2.0,0.5,0.1,60,10,49,12,37,-26.58429574586842,0.24489795918367346,0.35709224367283987,-0.28052846737813586,0.03628917101082834,-0.5425366478748658,7.089285714285714,-8.66361071932299
20,-2.0,0.5,0.15,45,5,52,7,45,-13.816563852015253,0.1346153846153846,0.3396352977339083,-0.2898260339926022,0.018541449053014275,-0.26570315100029335,3.544642857142857,-4.331805359661495
20,-2.0,0.5,0.15,45,10,52,7,45,-27.633127704030507,0.1346153846153846,0.3396352977339083,-0.2898260339926022,0.03708289810602855,-0.5314063020005867,7.089285714285714,-8.66361071932299
20,-2.0,0.5,0.15,60,5,52,7,45,-14.803356460104734,0.1346153846153846,0.3243382420031447,-0.30698131427955994,0.01958486632477127,-0.28467993192509106,3.544642857142857,-4.331805359661495
20,-2.0,0.5,0.15,60,10,52,7,45,-29.606712920209468,0.1346153846153846,0.3243382420031447,-0.30698131427955994,0.039169732649542766,-0.5693598638501821,7.089285714285714,-8.66361071932299
30,-2.0,0.5,0.08,45,5,51,12,39,-15.993118905710974,0.23529411764705882,0.3158321874030103,-0.3268360046354784,0.020845556538190976,-0.31359056677864655,3.544642857142857,-4.331805359661495
30,-2.0,0.5,0.08,45,10,51,12,39,-31.986237811421947,0.23529411764705882,0.3158321874030103,-0.3268360046354784,0.04169111307638184,-0.6271811335572931,7.089285714285714,-8.66361071932299
30,-2.0,0.5,0.08,60,5,51,12,39,-16.058193600142843,0.23529411764705882,0.3149554073140087,-0.32812316911746636,0.02091063123262279,-0.31486654117927143,3.544642857142857,-4.331805359661495
30,-2.0,0.5,0.08,60,10,51,12,39,-32.116387200285686,0.23529411764705882,0.3149554073140087,-0.32812316911746636,0.04182126246524558,-0.6297330823585429,7.089285714285714,-8.66361071932299
30,-2.0,0.0,0.1,45,5,50,9,41,-15.384432507400806,0.18,0.29361377206987943,-0.33652119705423217,0.02027844848653035,-0.3076886501480161,3.0803571428571423,-4.331805359661495
30,-2.0,0.0,0.1,45,10,50,9,41,-30.768865014801612,0.18,0.29361377206987943,-0.33652119705423217,0.040556896973060134,-0.6153773002960322,6.160714285714285,-8.66361071932299
30,-2.0,0.0,0.1,60,5,50,9,41,-15.454882937459656,0.18,0.2926670593005415,-0.3380037717767152,0.020348898916589177,-0.30909765874919315,3.0803571428571423,-4.331805359661495
30,-2.0,0.0,0.1,60,10,50,9,41,-30.909765874919312,0.18,0.2926670593005415,-0.3380037717767152,0.040697797833177785,-0.6181953174983863,6.160714285714285,-8.66361071932299
30,-2.0,-0.5,0.15,45,5,48,4,44,-11.506340149795996,0.08333333333333333,0.3196425027296703,-0.3736161617786094,0.01724587978635246,-0.2397154197874166,2.575039494470775,-1.2620995441204017
30,-2.0,-0.5,0.15,45,10,48,4,44,-23.01268029959199,0.08333333333333333,0.3196425027296703,-0.3736161617786094,0.03445858577907479,-0.4794308395748332,5.15007898894155,-2.5241990882408034
30,-2.0,-0.5,0.15,60,5,48,4,44,-11.576790579854844,0.08333333333333333,0.31831650502345443,-0.37567325619429126,0.017316262392733237,-0.24118313708030925,2.575039494470775,-1.2620995441204017
30,-2.0,-0.5,0.15,60,10,48,4,44,-23.153581159709688,0.08333333333333333,0.31831650502345443,-0.37567325619429126,0.034599215605408504,-0.4823662741606185,5.15007898894155,-2.5241990882408034
20,-2.0,0.5,0.1,45,5,55,8,47,-19.449221335537782,0.14545454545454545,0.27572121514878517,-0.3778241885136085,0.02417410653653667,-0.35362220610068695,3.544642857142857,-4.331805359661495
20,-2.0,0.5,0.1,45,10,55,8,47,-38.898442671075564,0.14545454545454545,0.27572121514878517,-0.3778241885136085,0.04834821307307345,-0.7072444122013739,7.089285714285714,-8.66361071932299
30,-2.0,0.0,0.08,45,5,52,9,43,-18.155853970236418,0.17307692307692307,0.26046870722175186,-0.38487858520262863,0.02304986994936587,-0.3491510378891619,3.0803571428571423,-4.331805359661495
30,-2.0,0.0,0.08,45,10,52,9,43,-36.311707940472836,0.17307692307692307,0.26046870722175186,-0.38487858520262863,0.046099739898731285,-0.6983020757783238,6.160714285714285,-8.66361071932299
30,-2.0,0.0,0.08,60,5,52,9,43,-18.22092866466829,0.17307692307692307,0.2597801216350751,-0.3862242355515285,0.023114944643797684,-0.350402474320544,3.0803571428571423,-4.331805359661495
30,-2.0,0.0,0.08,60,10,52,9,43,-36.44185732933658,0.17307692307692307,0.2597801216350751,-0.3862242355515285,0.04622988928759503,-0.700804948641088,6.160714285714285,-8.66361071932299
20,-2.0,0.5,0.1,60,5,55,8,47,-20.436013943627263,0.14545454545454545,0.2659482452236127,-0.3935846403657407,0.025217523808293663,-0.371563889884132,3.544642857142857,-4.331805359661495
20,-2.0,0.5,0.1,60,10,55,8,47,-40.872027887254525,0.14545454545454545,0.2659482452236127,-0.3935846403657407,0.05043504761658767,-0.743127779768264,7.089285714285714,-8.66361071932299
20,-2.0,0.5,0.08,45,5,57,8,49,-22.43338420050367,0.14035087719298245,0.24814517501952588,-0.4237066291556585,0.027158269401502365,-0.39356814386848543,3.544642857142857,-4.331805359661495
20,-2.0,0.5,0.08,45,10,57,8,49,-44.86676840100734,0.14035087719298245,0.24814517501952588,-0.4237066291556585,0.05431653880300519,-0.7871362877369709,7.089285714285714,-8.66361071932299
20,-2.0,0.5,0.08,60,5,57,8,49,-23.469822852768665,0.14035087719298245,0.23981490702560862,-0.4393966510451191,0.028251332717434935,-0.4117512781187485,3.544642857142857,-4.331805359661495
20,-2.0,0.5,0.08,60,10,57,8,49,-46.93964570553733,0.14035087719298245,0.23981490702560862,-0.4393966510451191,0.05650266543487032,-0.823502556237497,7.089285714285714,-8.66361071932299
10,-2.0,0.5,0.15,45,5,56,7,49,-19.870428724099966,0.125,0.18660690927171755,-0.441362070734548,0.024636399883368767,-0.35482908435892796,2.6339285714285716,-4.331805359661495
10,-2.0,0.5,0.15,45,10,56,7,49,-39.74085744819993,0.125,0.18660690927171755,-0.441362070734548,0.049272799766737194,-0.7096581687178559,5.267857142857143,-8.66361071932299
20,-2.0,0.0,0.15,45,5,54,5,49,-18.695396872838355,0.09259259259259259,0.19720560961017838,-0.45244856587911336,0.02340215591577737,-0.3462110532007103,2.2232142857142856,-4.331805359661495
20,-2.0,0.0,0.15,45,10,54,5,49,-37.39079374567671,0.09259259259259259,0.19720560961017838,-0.45244856587911336,0.04680431183155474,-0.6924221064014205,4.446428571428571,-8.66361071932299
30,-2.0,-0.5,0.1,45,5,50,4,46,-15.615322231358924,0.08,0.2571624058902951,-0.4528815916075975,0.02156113396077421,-0.3123064446271785,2.575039494470775,-1.3439752832131828
30,-2.0,-0.5,0.1,45,10,50,4,46,-31.230644462717848,0.08,0.2571624058902951,-0.4528815916075975,0.04307155880894258,-0.624612889254357,5.15007898894155,-2.6879505664263657
30,-2.0,-0.5,0.1,60,5,50,4,46,-15.685772661417774,0.08,0.25630342996709926,-0.4547928815786706,0.021631501447960992,-0.3137154532283555,2.575039494470775,-1.3439752832131828
30,-2.0,-0.5,0.1,60,10,50,4,46,-31.371545322835548,0.08,0.25630342996709926,-0.4547928815786706,0.04321212828771476,-0.627430906456711,5.15007898894155,-2.6879505664263657
10,-2.0,0.5,0.15,60,5,56,7,49,-20.861480491347393,0.125,0.1793316813754128,-0.45810498498931845,0.025684568702663457,-0.3725264373454892,2.6339285714285716,-4.331805359661495
10,-2.0,0.5,0.15,60,10,56,7,49,-41.72296098269479,0.125,0.1793316813754128,-0.45810498498931845,0.051369137405326684,-0.7450528746909784,5.267857142857143,-8.66361071932299
20,-2.0,0.0,0.15,60,5,54,5,49,-19.68240671109536,0.09259259259259259,0.1891872950512577,-0.4700517981137711,0.024445573187534365,-0.36448901316843263,2.2232142857142856,-4.331805359661495
20,-2.0,0.0,0.15,60,10,54,5,49,-39.36481342219072,0.09259259259259259,0.1891872950512577,-0.4700517981137711,0.04889114637506896,-0.7289780263368653,4.446428571428571,-8.66361071932299
10,-2.0,0.5,0.1,45,5,57,6,51,-22.66133818299079,0.10526315789473684,0.1658624705153763,-0.49360234148901405,0.027427309342259492,-0.3975673365436981,2.6339285714285716,-4.331805359661495
10,-2.0,0.5,0.1,45,10,57,6,51,-45.32267636598158,0.10526315789473684,0.1658624705153763,-0.49360234148901405,0.054854618684518526,-0.7951346730873962,5.267857142857143,-8.66361071932299
10,-2.0,0.5,0.08,45,5,57,6,51,-23.270294979593437,0.10526315789473684,0.16222617213752025,-0.5046689192628149,0.02803626613886206,-0.40825078911567436,2.6339285714285716,-4.331805359661495
10,-2.0,0.5,0.08,45,10,57,6,51,-46.540589959186875,0.10526315789473684,0.16222617213752025,-0.5046689192628149,0.05607253227772378,-0.8165015782313487,5.267857142857143,-8.66361071932299
30,-2.0,-0.5,0.08,45,5,52,4,48,-18.0804195835226,0.07692307692307693,0.23017088330284696,-0.506029657392039,0.023716901075495966,-0.3477003766062038,2.575039494470775,-1.3439752832131828
30,-2.0,-0.5,0.08,45,10,52,4,48,-36.1608391670452,0.07692307692307693,0.23017088330284696,-0.506029657392039,0.0473928679149124,-0.6954007532124076,5.15007898894155,-2.6879505664263657
30,-2.0,-0.5,0.08,60,5,52,4,48,-18.14549427795447,0.07692307692307693,0.22953489856892687,-0.5077714079996944,0.023781919563519056,-0.34895181303758593,2.575039494470775,-1.3439752832131828
30,-2.0,-0.5,0.08,60,10,52,4,48,-36.29098855590894,0.07692307692307693,0.22953489856892687,-0.5077714079996944,0.047522792672160384,-0.6979036260751719,5.15007898894155,-2.6879505664263657
10,-2.0,0.5,0.1,60,5,57,6,51,-23.652389950238213,0.10526315789473684,0.16002484975355122,-0.510033117508052,0.02847547816155418,-0.414954209653302,2.6339285714285716,-4.331805359661495
10,-2.0,0.5,0.1,60,10,57,6,51,-47.304779900476426,0.10526315789473684,0.16002484975355122,-0.510033117508052,0.05695095632310802,-0.829908419306604,5.267857142857143,-8.66361071932299
20,-2.0,0.0,0.1,45,5,56,5,51,-23.035189670897896,0.08928571428571429,0.16622830589588364,-0.5202428471287174,0.027741948713836905,-0.4113426726946053,2.2232142857142856,-4.331805359661495
20,-2.0,0.0,0.1,45,10,56,5,51,-46.07037934179579,0.08928571428571429,0.16622830589588364,-0.5202428471287174,0.05548389742767347,-0.8226853453892106,4.446428571428571,-8.66361071932299
10,-2.0,0.5,0.08,60,5,57,6,51,-24.27844466089535,0.10526315789473684,0.15654435403237302,-0.5214526177636065,0.029101532872211237,-0.42593762562974297,2.6339285714285716,-4.331805359661495
10,-2.0,0.5,0.08,60,10,57,6,51,-48.5568893217907,0.10526315789473684,0.15654435403237302,-0.5214526177636065,0.058203065744422244,-0.8518752512594859,5.267857142857143,-8.66361071932299
30,-1.5,0.5,0.15,60,5,101,11,90,-37.689234483115776,0.10891089108910891,0.1552027980410833,-0.5229329926348404,0.04254167211559559,-0.37316073745659184,3.544642857142857,-4.331805359661495
30,-1.5,0.5,0.15,60,10,101,11,90,-75.37846896623155,0.10891089108910891,0.1552027980410833,-0.5229329926348404,0.0850833442311922,-0.7463214749131837,7.089285714285714,-8.66361071932299
30,-1.5,0.5,0.15,45,5,102,11,91,-37.81427560280595,0.10784313725490197,0.15476901554405478,-0.5231492068420505,0.0426667132352859,-0.37072819218437203,3.544642857142857,-4.331805359661495
30,-1.5,0.5,0.15,45,10,102,11,91,-75.6285512056119,0.10784313725490197,0.15476901554405478,-0.5231492068420505,0.08533342647057247,-0.7414563843687441,7.089285714285714,-8.66361071932299
20,-2.0,0.0,0.1,60,5,56,5,51,-24.022199509154902,0.08928571428571429,0.1604945764393304,-0.5370388292092443,0.0287853659855939,-0.4289678483777661,2.2232142857142856,-4.331805359661495
20,-2.0,0.0,0.1,60,10,56,5,51,-48.044399018309804,0.08928571428571429,0.1604945764393304,-0.5370388292092443,0.057570731971187686,-0.8579356967555322,4.446428571428571,-8.66361071932299
20,-2.0,0.0,0.08,45,5,58,5,53,-26.019352535863785,0.08620689655172414,0.15002372440999187,-0.5712598032137878,0.030726111578802603,-0.4486095264804101,2.2232142857142856,-4.331805359661495
20,-2.0,0.0,0.08,45,10,58,5,53,-52.03870507172757,0.08620689655172414,0.15002372440999187,-0.5712598032137878,0.06145222315760521,-0.8972190529608202,4.446428571428571,-8.66361071932299
20,-2.0,0.0,0.08,60,5,58,5,53,-27.056008418296305,0.08620689655172414,0.14510965545957516,-0.5878447911819618,0.03181917489473517,-0.46648290376372936,2.2232142857142856,-4.331805359661495
20,-2.0,0.0,0.08,60,10,58,5,53,-54.11201683659261,0.08620689655172414,0.14510965545957516,-0.5878447911819618,0.06363834978947033,-0.9329658075274587,4.446428571428571,-8.66361071932299
20,-1.5,0.5,0.15,45,5,104,11,93,-45.46029451211341,0.10576923076923077,0.1391761404696274,-0.5901927735536411,0.05045091747362676,-0.43711821646262894,3.544642857142857,-4.331805359661495
20,-1.5,0.5,0.15,45,10,104,11,93,-90.92058902422681,0.10576923076923077,0.1391761404696274,-0.5901927735536411,0.10090183494725374,-0.8742364329252579,7.089285714285714,-8.66361071932299
20,-1.5,0.5,0.15,60,5,103,11,92,-45.39487244780711,0.10679611650485436,0.13934876774943133,-0.5909758839236096,0.05038549540932036,-0.44072691696900107,3.544642857142857,-4.331805359661495
20,-1.5,0.5,0.15,60,10,103,11,92,-90.78974489561422,0.10679611650485436,0.13934876774943133,-0.5909758839236096,0.10077099081864117,-0.8814538339380021,7.089285714285714,-8.66361071932299
20,-2.0,-0.5,0.15,45,5,57,4,53,-17.364144742216386,0.07017543859649122,0.19368098100358358,-0.6026221915599753,0.022554120300307536,-0.304634118284498,2.116903633491313,-1.0680147058823524
20,-2.0,-0.5,0.15,45,10,57,4,53,-34.72828948443277,0.07017543859649122,0.19368098100358358,-0.6026221915599753,0.045088690143781085,-0.609268236568996,4.233807266982626,-2.1360294117647047
10,-2.0,0.0,0.15,60,5,56,4,52,-25.016966933585127,0.07142857142857142,0.10314577567017272,-0.6098168010894948,0.029747894187271185,-0.4467315523854487,2.2232142857142856,-4.331805359661495
10,-2.0,0.0,0.15,60,10,56,4,52,-50.033933867170255,0.07142857142857142,0.10314577567017272,-0.6098168010894948,0.05949578837454157,-0.8934631047708974,4.446428571428571,-8.66361071932299
30,-1.5,0.0,0.15,60,5,108,12,96,-44.03760563945728,0.1111111111111111,0.12498153087595089,-0.6099525827334725,0.048931621618586746,-0.4077556077727526,3.0803571428571423,-4.331805359661495
30,-1.5,0.0,0.15,60,10,108,12,96,-88.07521127891457,0.1111111111111111,0.12498153087595089,-0.6099525827334725,0.09786324323717314,-0.8155112155455052,6.160714285714285,-8.66361071932299
30,-1.5,0.0,0.15,45,5,109,12,97,-44.16264675914746,0.11009174311926606,0.12467177858224295,-0.6100657245077422,0.04905666273827705,-0.40516189687291243,3.0803571428571423,-4.331805359661495
30,-1.5,0.0,0.15,45,10,109,12,97,-88.32529351829491,0.11009174311926606,0.12467177858224295,-0.6100657245077422,0.09811332547655342,-0.8103237937458249,6.160714285714285,-8.66361071932299
10,-2.0,0.0,0.15,45,5,56,4,52,-25.035594150868533,0.07142857142857142,0.10307694266786234,-0.6105852332021797,0.02976652140455451,-0.4470641812655095,2.2232142857142856,-4.331805359661495
10,-2.0,0.0,0.15,45,10,56,4,52,-50.07118830173707,0.07142857142857142,0.10307694266786234,-0.6105852332021797,0.05953304280910845,-0.894128362531019,4.446428571428571,-8.66361071932299
20,-2.0,-0.5,0.15,60,5,57,4,53,-18.350444961926147,0.07017543859649122,0.1851989257057597,-0.617213887071423,0.02359708514631727,-0.32193763091098504,2.116903633491313,-1.2620995441204017
20,-2.0,-0.5,0.15,60,10,57,4,53,-36.700889923852294,0.07017543859649122,0.1851989257057597,-0.617213887071423,0.04717371576865343,-0.6438752618219701,4.233807266982626,-2.5241990882408034
10,-2.0,0.0,0.1,60,5,57,4,53,-25.896869176515935,0.07017543859649122,0.09999160514980414,-0.6222943010622328,0.030627796430201783,-0.4543310381844901,2.2232142857142856,-4.331805359661495
10,-2.0,0.0,0.1,60,10,57,4,53,-51.79373835303187,0.07017543859649122,0.09999160514980414,-0.6222943010622328,0.061255592860403114,-0.9086620763689802,4.446428571428571,-8.66361071932299
10,-2.0,0.0,0.1,45,5,57,4,53,-25.91549639379934,0.07017543859649122,0.09992691625024135,-0.6230620711528021,0.030646423647485106,-0.45465783147016386,2.2232142857142856,-4.331805359661495
10,-2.0,0.0,0.1,45,10,57,4,53,-51.83099278759868,0.07017543859649122,0.09992691625024135,-0.6230620711528021,0.06129284729496999,-0.9093156629403277,4.446428571428571,-8.66361071932299
10,-2.0,0.0,0.08,60,5,57,4,53,-26.3499989859873,0.07017543859649122,0.09844136297051619,-0.6311812982242823,0.03108092623967309,-0.46228068396468946,2.2232142857142856,-4.331805359661495
10,-2.0,0.0,0.08,60,10,57,4,53,-52.6999979719746,0.07017543859649122,0.09844136297051619,-0.6311812982242823,0.06216185247934584,-0.9245613679293789,4.446428571428571,-8.66361071932299
10,-2.0,0.0,0.08,45,5,57,4,53,-26.35152828921622,0.07017543859649122,0.09843621232246265,-0.6315354324847015,0.031082455542901927,-0.4623075138458986,2.2232142857142856,-4.331805359661495
10,-2.0,0.0,0.08,45,10,57,4,53,-52.70305657843244,0.07017543859649122,0.09843621232246265,-0.6315354324847015,0.062164911085803735,-0.9246150276917972,4.446428571428571,-8.66361071932299
20,-2.0,-0.5,0.1,45,5,58,4,54,-20.85610027640264,0.06896551724137931,0.1666571903868936,-0.6447820714437305,0.026253892113078017,-0.3595879358000455,2.116903633491313,-1.3439752832131828
20,-2.0,-0.5,0.1,45,10,58,4,54,-41.71220055280528,0.06896551724137931,0.1666571903868936,-0.6447820714437305,0.0524737584086454,-0.719175871600091,4.233807266982626,-2.6879505664263657
10,-2.0,-0.5,0.15,45,5,59,3,56,-25.202466779011313,0.05084745762711865,0.06228258447738713,-0.6556053535900421,0.02986169500748133,-0.42716045388154766,1.5089285714285705,-4.331805359661495
10,-2.0,-0.5,0.15,45,10,59,3,56,-50.40493355802263,0.05084745762711865,0.06228258447738713,-0.6556053535900421,0.059723390014963115,-0.8543209077630953,3.017857142857141,-8.66361071932299
10,-2.0,-0.5,0.15,60,5,59,3,56,-25.202466779011313,0.05084745762711865,0.06228258447738713,-0.6556053535900421,0.02986169500748133,-0.42716045388154766,1.5089285714285705,-4.331805359661495
10,-2.0,-0.5,0.15,60,10,59,3,56,-50.40493355802263,0.05084745762711865,0.06228258447738713,-0.6556053535900421,0.059723390014963115,-0.8543209077630953,3.017857142857141,-8.66361071932299
10,-1.5,0.5,0.15,60,5,133,12,121,-53.780209755721096,0.09022556390977443,0.10746242512355676,-0.6588276812361045,0.058770832717234496,-0.404362479366324,2.6339285714285716,-4.331805359661495
10,-1.5,0.5,0.15,60,10,133,12,121,-107.56041951144219,0.09022556390977443,0.10746242512355676,-0.6588276812361045,0.11754166543446923,-0.808724958732648,5.267857142857143,-8.66361071932299
10,-1.5,0.5,0.15,45,5,134,12,122,-53.89654260761036,0.08955223880597014,0.10725535122449224,-0.6595294899932406,0.058887165569123795,-0.40221300453440567,2.6339285714285716,-4.331805359661495
10,-1.5,0.5,0.15,45,10,134,12,122,-107.79308521522071,0.08955223880597014,0.10725535122449224,-0.6595294899932406,0.1177743311382477,-0.8044260090688113,5.267857142857143,-8.66361071932299
20,-2.0,-0.5,0.1,60,5,58,4,54,-21.8424004961124,0.06896551724137931,0.16033835362656412,-0.6602319401524261,0.027296632796636393,-0.37659311200193796,2.116903633491313,-1.3439752832131828
20,-2.0,-0.5,0.1,60,10,58,4,54,-43.6848009922248,0.06896551724137931,0.16033835362656412,-0.6602319401524261,0.054557888353121614,-0.7531862240038759,4.233807266982626,-2.6879505664263657
30,-1.5,0.5,0.1,45,5,121,12,109,-55.25724526818396,0.09917355371900827,0.1143921476479395,-0.6692098481158423,0.060109682900663985,-0.45667144849738806,3.544642857142857,-4.331805359661495
30,-1.5,0.5,0.1,45,10,121,12,109,-110.51449053636792,0.09917355371900827,0.1143921476479395,-0.6692098481158423,0.12021936580132865,-0.9133428969947761,7.089285714285714,-8.66361071932299
30,-1.5,0.5,0.1,60,5,120,12,108,-55.132204148493784,0.1,0.11462185373831615,-0.6695436538797758,0.05998464178097367,-0.45943503457078155,3.544642857142857,-4.331805359661495
30,-1.5,0.5,0.1,60,10,120,12,108,-110.26440829698757,0.1,0.11462185373831615,-0.6695436538797758,0.11996928356194837,-0.9188700691415631,7.089285714285714,-8.66361071932299
10,-2.0,-0.5,0.1,45,5,60,3,57,-26.965891239440918,0.05,0.058447692280734,-0.6777164733266311,0.03162511946791085,-0.44943152065734865,1.5089285714285705,-4.331805359661495
10,-2.0,-0.5,0.1,45,10,60,3,57,-53.931782478881836,0.05,0.058447692280734,-0.6777164733266311,0.06325023893582227,-0.8988630413146973,3.017857142857141,-8.66361071932299
10,-2.0,-0.5,0.1,60,5,60,3,57,-26.965891239440918,0.05,0.058447692280734,-0.6777164733266311,0.03162511946791085,-0.44943152065734865,1.5089285714285705,-4.331805359661495
10,-2.0,-0.5,0.1,60,10,60,3,57,-53.931782478881836,0.05,0.058447692280734,-0.6777164733266311,0.06325023893582227,-0.8988630413146973,3.017857142857141,-8.66361071932299
10,-2.0,-0.5,0.08,45,5,60,3,57,-27.151195405516034,0.05,0.058071957565183185,-0.6826111277612381,0.03181042363398592,-0.45251992342526726,1.5089285714285705,-4.331805359661495
10,-2.0,-0.5,0.08,45,10,60,3,57,-54.30239081103207,0.05,0.058071957565183185,-0.6826111277612381,0.06362084726797253,-0.9050398468505345,3.017857142857141,-8.66361071932299
10,-2.0,-0.5,0.08,60,5,60,3,57,-27.151195405516034,0.05,0.058071957565183185,-0.6826111277612381,0.03181042363398592,-0.45251992342526726,1.5089285714285705,-4.331805359661495
10,-2.0,-0.5,0.08,60,10,60,3,57,-54.30239081103207,0.05,0.058071957565183185,-0.6826111277612381,0.06362084726797253,-0.9050398468505345,3.017857142857141,-8.66361071932299
20,-2.0,-0.5,0.08,45,5,60,4,56,-23.5712276083736,0.06666666666666667,0.1503464401551003,-0.699112054986957,0.02866222160169008,-0.39285379347289334,2.116903633491313,-1.3439752832131828
20,-2.0,-0.5,0.08,45,10,60,4,56,-47.1424552167472,0.06666666666666667,0.1503464401551003,-0.699112054986957,0.05730527449310567,-0.7857075869457867,4.233807266982626,-2.6879505664263657
20,-2.0,-0.5,0.08,60,5,60,4,56,-24.60717387225888,0.06666666666666667,0.1449343114022389,-0.7134517392701569,0.029754919286113148,-0.410119564537648,2.116903633491313,-1.3439752832131828
20,-2.0,-0.5,0.08,60,10,60,4,56,-49.21434774451776,0.06666666666666667,0.1449343114022389,-0.7134517392701569,0.05948993908798663,-0.820239129075296,4.233807266982626,-2.6879505664263657
20,-1.5,0.5,0.1,45,5,122,12,110,-61.50335396920829,0.09836065573770492,0.10694138399737929,-0.7177975903859456,0.06649397693072194,-0.5041258522066253,3.544642857142857,-4.331805359661495
20,-1.5,0.5,0.1,45,10,122,12,110,-123.00670793841658,0.09836065573770492,0.10694138399737929,-0.7177975903859456,0.13298795386144355,-1.0082517044132506,7.089285714285714,-8.66361071932299
20,-1.5,0.5,0.1,60,5,121,12,109,-61.437931904901994,0.09917355371900827,0.10704307065378266,-0.718919696834883,0.06642855486641554,-0.5077515033462975,3.544642857142857,-4.331805359661495
20,-1.5,0.5,0.1,60,10,121,12,109,-122.87586380980399,0.09917355371900827,0.10704307065378266,-0.718919696834883,0.13285710973283096,-1.015503006692595,7.089285714285714,-8.66361071932299
30,-1.5,0.5,0.08,45,5,130,12,118,-61.533782431660725,0.09230769230769231,0.10393673007735038,-0.7235795261090638,0.06638622006414062,-0.4733367879358517,3.544642857142857,-4.331805359661495
30,-1.5,0.5,0.08,45,10,130,12,118,-123.06756486332145,0.09230769230769231,0.10393673007735038,-0.7235795261090638,0.1327724401282818,-0.9466735758717034,7.089285714285714,-8.66361071932299
30,-1.5,0.5,0.08,60,5,129,12,117,-61.43722857086089,0.09302325581395349,0.10408307404274443,-0.7238093451038936,0.06628966620334074,-0.47625758582062705,3.544642857142857,-4.331805359661495
30,-1.5,0.5,0.08,60,10,129,12,117,-122.87445714172178,0.09302325581395349,0.10408307404274443,-0.7238093451038936,0.13257933240668218,-0.9525151716412541,7.089285714285714,-8.66361071932299
30,-1.5,0.0,0.1,45,5,128,13,115,-60.225461745585434,0.1015625,0.09560613492392632,-0.7354126430745604,0.065119477724715,-0.4705114198873862,3.0803571428571423,-4.331805359661495
30,-1.5,0.0,0.1,45,10,128,13,115,-120.45092349117087,0.1015625,0.09560613492392632,-0.7354126430745604,0.13023895544942968,-0.9410228397747724,6.160714285714285,-8.66361071932299
30,-1.5,0.0,0.1,60,5,127,13,114,-60.10042062589526,0.10236220472440945,0.09578599398982715,-0.7357441798690183,0.0649944366050247,-0.47323165847161625,3.0803571428571423,-4.331805359661495
30,-1.5,0.0,0.1,60,10,127,13,114,-120.20084125179052,0.10236220472440945,0.09578599398982715,-0.7357441798690183,0.1299888732100494,-0.9464633169432325,6.160714285714285,-8.66361071932299
20,-1.5,0.5,0.08,45,5,130,12,118,-66.03598222327587,0.09230769230769231,0.1003375698133489,-0.7536509122560907,0.071026605184789,-0.507969094025199,3.544642857142857,-4.331805359661495
20,-1.5,0.5,0.08,45,10,130,12,118,-132.07196444655173,0.09230769230769231,0.1003375698133489,-0.7536509122560907,0.14205321036957833,-1.015938188050398,7.089285714285714,-8.66361071932299
20,-1.5,0.5,0.08,60,5,129,12,117,-65.99904741785991,0.09302325581395349,0.10038808441416221,-0.7545530728135759,0.07098967037937302,-0.5116205226190691,3.544642857142857,-4.331805359661495
20,-1.5,0.5,0.08,60,10,129,12,117,-131.99809483571983,0.09302325581395349,0.10038808441416221,-0.7545530728135759,0.14197934075874638,-1.0232410452381382,7.089285714285714,-8.66361071932299
20,-1.5,0.0,0.15,45,5,112,9,103,-53.51371670899009,0.08035714285714286,0.08209045315329154,-0.7632707681143197,0.05850433967050344,-0.47780104204455437,2.2232142857142856,-4.331805359661495
20,-1.5,0.0,0.15,45,10,112,9,103,-107.02743341798018,0.08035714285714286,0.08209045315329154,-0.7632707681143197,0.11700867934100723,-0.9556020840891087,4.446428571428571,-8.66361071932299
20,-1.5,0.0,0.15,60,5,111,9,102,-53.44829464468379,0.08108108108108109,0.08218267616366866,-0.764010183123058,0.05843891760619704,-0.48151616797012425,2.2232142857142856,-4.331805359661495
20,-1.5,0.0,0.15,60,10,111,9,102,-106.89658928936758,0.08108108108108109,0.08218267616366866,-0.764010183123058,0.11687783521239464,-0.9630323359402485,4.446428571428571,-8.66361071932299
10,-1.5,0.5,0.1,60,5,148,11,137,-69.03280032070504,0.07432432432432433,0.08511795558949792,-0.768737830786308,0.07402342328221846,-0.46643784000476374,2.6339285714285716,-4.331805359661495
10,-1.5,0.5,0.1,60,10,148,11,137,-138.06560064141007,0.07432432432432433,0.08511795558949792,-0.768737830786308,0.14804684656443726,-0.9328756800095275,5.267857142857143,-8.66361071932299
10,-1.5,0.5,0.1,45,5,149,11,138,-69.1491331725943,0.0738255033557047,0.08498692758793137,-0.769031156470097,0.07413975613410775,-0.46408814209794835,2.6339285714285716,-4.331805359661495
10,-1.5,0.5,0.1,45,10,149,11,138,-138.2982663451886,0.0738255033557047,0.08498692758793137,-0.769031156470097,0.14827951226821573,-0.9281762841958967,5.267857142857143,-8.66361071932299
30,-1.5,0.0,0.08,45,5,137,13,124,-65.35905735303292,0.0948905109489051,0.08876335119123492,-0.7747833564300651,0.07025307333216221,-0.4770734113360067,3.0803571428571423,-4.331805359661495
30,-1.5,0.0,0.08,45,10,137,13,124,-130.71811470606585,0.0948905109489051,0.08876335119123492,-0.7747833564300651,0.1405061466643242,-0.9541468226720135,6.160714285714285,-8.66361071932299
30,-1.5,0.0,0.08,60,5,136,13,123,-65.26250349223308,0.09558823529411764,0.0888830014808773,-0.7748644979636856,0.07015651947136234,-0.47987134920759617,3.0803571428571423,-4.331805359661495
30,-1.5,0.0,0.08,60,10,136,13,123,-130.52500698446616,0.09558823529411764,0.0888830014808773,-0.7748644979636856,0.14031303894272457,-0.9597426984151923,6.160714285714285,-8.66361071932299
10,-1.5,0.5,0.08,45,5,161,11,150,-77.62894885686235,0.06832298136645963,0.07641274420764729,-0.8371420705769098,0.08261957181837545,-0.482167384204114,2.6339285714285716,-4.331805359661495
10,-1.5,0.5,0.08,45,10,161,11,150,-155.2578977137247,0.06832298136645963,0.07641274420764729,-0.8371420705769098,0.16523914363675124,-0.964334768408228,5.267857142857143,-8.66361071932299
30,-1.5,-0.5,0.15,60,5,117,6,111,-50.321885248185026,0.05128205128205128,0.0974046590038365,-0.8371668484789824,0.05511440114578806,-0.4301015833178207,2.575039494470775,-1.3540031397174255
30,-1.5,-0.5,0.15,60,10,117,6,111,-100.64377049637005,0.05128205128205128,0.0974046590038365,-0.8371668484789824,0.11022880229157647,-0.8602031666356414,5.15007898894155,-2.708006279434851
10,-1.5,0.5,0.08,60,5,160,11,149,-77.56654476837046,0.06875,0.07646951900968177,-0.8371876934495648,0.08255716772988364,-0.4847909048023154,2.6339285714285716,-4.331805359661495
10,-1.5,0.5,0.08,60,10,160,11,149,-155.13308953674093,0.06875,0.07646951900968177,-0.8371876934495648,0.16511433545976753,-0.9695818096046308,5.267857142857143,-8.66361071932299
30,-1.5,-0.5,0.15,45,5,118,6,112,-50.4469263678752,0.05084745762711865,0.09718668945412567,-0.8380404322326529,0.055239442265478375,-0.42751632515148474,2.575039494470775,-1.3540031397174255
30,-1.5,-0.5,0.15,45,10,118,6,112,-100.8938527357504,0.05084745762711865,0.09718668945412567,-0.8380404322326529,0.11047888453095675,-0.8550326503029695,5.15007898894155,-2.708006279434851
10,-1.5,0.0,0.15,45,5,145,9,136,-66.43670821507267,0.06206896551724138,0.057827065321593325,-0.8396254044082305,0.07142733117658634,-0.45818419458670806,2.2232142857142856,-4.331805359661495
10,-1.5,0.0,0.15,45,10,145,9,136,-132.87341643014534,0.06206896551724138,0.057827065321593325,-0.8396254044082305,0.1428546623531722,-0.9163683891734161,4.446428571428571,-8.66361071932299
10,-1.5,0.0,0.15,60,5,144,9,135,-66.36535155417297,0.0625,0.057885642425368346,-0.8429547491597106,0.07135597451568662,-0.46087049690397897,2.2232142857142856,-4.331805359661495
10,-1.5,0.0,0.15,60,10,144,9,135,-132.73070310834595,0.0625,0.057885642425368346,-0.8429547491597106,0.1427119490313729,-0.9217409938079579,4.446428571428571,-8.66361071932299
20,-1.5,0.0,0.1,45,5,129,10,119,-68.44650566940626,0.07751937984496124,0.06632784398368761,-0.8731286463619654,0.07343712863091992,-0.5305930672046997,2.2232142857142856,-4.331805359661495
20,-1.5,0.0,0.1,45,10,129,10,119,-136.89301133881253,0.07751937984496124,0.06632784398368761,-0.8731286463619654,0.14687425726183936,-1.0611861344093994,4.446428571428571,-8.66361071932299
20,-1.5,0.0,0.1,60,5,128,10,118,-68.38108360509996,0.078125,0.06638708888694106,-0.874283121976465,0.07337170656661351,-0.5342272156648434,2.2232142857142856,-4.331805359661495
20,-1.5,0.0,0.1,60,10,128,10,118,-136.76216721019992,0.078125,0.06638708888694106,-0.874283121976465,0.1467434131332268,-1.0684544313296869,4.446428571428571,-8.66361071932299
10,-1.5,0.0,0.1,45,5,159,9,150,-77.4834534211761,0.05660377358490566,0.04999488887632598,-0.9105399428411348,0.08247407638268953,-0.48731731711431503,2.2232142857142856,-4.331805359661495
10,-1.5,0.0,0.1,45,10,159,9,150,-154.9669068423522,0.05660377358490566,0.04999488887632598,-0.9105399428411348,0.1649481527653793,-0.9746346342286301,4.446428571428571,-8.66361071932299
20,-1.5,0.0,0.08,45,5,138,10,128,-73.05474459325569,0.07246376811594203,0.06240503003842605,-0.9128467901087325,0.07804536755476886,-0.5293822071975051,2.2232142857142856,-4.331805359661495
20,-1.5,0.0,0.08,45,10,138,10,128,-146.10948918651138,0.07246376811594203,0.06240503003842605,-0.9128467901087325,0.15609073510953794,-1.0587644143950101,4.446428571428571,-8.66361071932299
20,-1.5,0.0,0.08,60,5,137,10,127,-73.01780978783972,0.072992700729927,0.062434625707996176,-0.9134762959413087,0.07800843274935289,-0.532976713779852,2.2232142857142856,-4.331805359661495
20,-1.5,0.0,0.08,60,10,137,10,127,-146.03561957567945,0.072992700729927,0.062434625707996176,-0.9134762959413087,0.156016865498706,-1.065953427559704,4.446428571428571,-8.66361071932299
10,-1.5,0.0,0.1,60,5,158,9,149,-77.4120967602764,0.056962025316455694,0.05003866700809291,-0.9141758106990816,0.08240271972178982,-0.48994997949542024,2.2232142857142856,-4.331805359661495
10,-1.5,0.0,0.1,60,10,158,9,149,-154.8241935205528,0.056962025316455694,0.05003866700809291,-0.9141758106990816,0.16480543944357998,-0.9798999589908405,4.446428571428571,-8.66361071932299
10,-1.5,-0.5,0.15,45,5,157,7,150,-73.85532794619147,0.044585987261146494,0.03750508190121782,-0.9388070283146339,0.0788459509077046,-0.4704161015680985,1.5089285714285705,-4.331805359661495
10,-1.5,-0.5,0.15,45,10,157,7,150,-147.71065589238293,0.044585987261146494,0.03750508190121782,-0.9388070283146339,0.15769190181541012,-0.940832203136197,3.017857142857141,-8.66361071932299
10,-1.5,-0.5,0.15,60,5,156,7,149,-73.80866857199219,0.04487179487179487,0.037527901594618454,-0.9430346185452408,0.07879929153350543,-0.47313249084610376,1.5089285714285705,-4.331805359661495
10,-1.5,-0.5,0.15,60,10,156,7,149,-147.61733714398437,0.04487179487179487,0.037527901594618454,-0.9430346185452408,0.15759858306701152,-0.9462649816922075,3.017857142857141,-8.66361071932299
30,-1.5,-0.5,0.1,60,5,133,7,126,-64.07699904418553,0.05263157894736842,0.07914351852800663,-0.9454571316195877,0.0688695149417889,-0.4817819477006431,2.575039494470775,-1.3439752832131828
30,-1.5,-0.5,0.1,60,10,133,7,126,-128.15399808837105,0.05263157894736842,0.07914351852800663,-0.9454571316195877,0.13773902988357747,-0.9635638954012862,5.15007898894155,-2.6879505664263657
30,-1.5,-0.5,0.1,45,5,134,7,127,-64.2020401638757,0.05223880597014925,0.07900155451212365,-0.9456616050320339,0.06899455606147921,-0.47911970271549026,2.575039494470775,-1.3439752832131828
30,-1.5,-0.5,0.1,45,10,134,7,127,-128.4040803277514,0.05223880597014925,0.07900155451212365,-0.9456616050320339,0.13798911212295775,-0.9582394054309805,5.15007898894155,-2.6879505664263657
10,-1.5,0.0,0.08,45,5,169,9,160,-85.26691336064003,0.05325443786982249,0.04563946697106346,-0.9791565266829146,0.0902575363221531,-0.5045379488795269,2.2232142857142856,-4.331805359661495
10,-1.5,0.0,0.08,45,10,169,9,160,-170.53382672128006,0.05325443786982249,0.04563946697106346,-0.9791565266829146,0.18051507264430666,-1.0090758977590537,4.446428571428571,-8.66361071932299
10,-1.5,0.0,0.08,60,5,168,9,159,-85.25519289964531,0.05357142857142857,0.0456454548658715,-0.9840219172199057,0.09024581586115846,-0.5074713863074125,2.2232142857142856,-4.331805359661495
10,-1.5,0.0,0.08,60,10,168,9,159,-170.51038579929062,0.05357142857142857,0.0456454548658715,-0.9840219172199057,0.18049163172231739,-1.014942772614825,4.446428571428571,-8.66361071932299
10,-1.5,-0.5,0.1,45,5,166,7,159,-81.9209806587476,0.04216867469879518,0.033937782249212296,-0.984818649939066,0.08691160362026085,-0.4934998834864313,1.5089285714285705,-4.331805359661495
10,-1.5,-0.5,0.1,45,10,166,7,159,-163.8419613174952,0.04216867469879518,0.033937782249212296,-0.984818649939066,0.1738232072405224,-0.9869997669728626,3.017857142857141,-8.66361071932299
10,-1.5,-0.5,0.1,60,5,165,7,158,-81.87432128454832,0.04242424242424243,0.033956466313526536,-0.9892811966809035,0.08686494424606167,-0.4962080077851413,1.5089285714285705,-4.331805359661495
10,-1.5,-0.5,0.1,60,10,165,7,158,-163.74864256909663,0.04242424242424243,0.033956466313526536,-0.9892811966809035,0.17372988849212379,-0.9924160155702826,3.017857142857141,-8.66361071932299
30,-1.5,-0.5,0.08,60,5,142,7,135,-68.58503420324439,0.04929577464788732,0.0743281409061226,-0.9939836566137151,0.07337755010084766,-0.4829931986143971,2.575039494470775,-1.347632413961435
30,-1.5,-0.5,0.08,60,10,142,7,135,-137.17006840648878,0.04929577464788732,0.0743281409061226,-0.9939836566137151,0.14675510020169485,-0.9659863972287942,5.15007898894155,-2.69526482792287
30,-1.5,-0.5,0.08,45,5,143,7,136,-68.68158806404422,0.04895104895104895,0.0742314055956463,-0.9950601219680513,0.07347410396164752,-0.4802908256226869,2.575039494470775,-1.3439752832131828
30,-1.5,-0.5,0.08,45,10,143,7,136,-137.36317612808844,0.04895104895104895,0.0742314055956463,-0.9950601219680513,0.1469482079232945,-0.9605816512453738,5.15007898894155,-2.6879505664263657
20,-1.5,-0.5,0.15,60,5,120,5,115,-57.595944112210866,0.041666666666666664,0.06760720707603916,-1.0036513239542872,0.06258656707372404,-0.47996620093509057,2.116903633491313,-1.4430501930501936
20,-1.5,-0.5,0.15,60,10,120,5,115,-115.19188822442173,0.041666666666666664,0.06760720707603916,-1.0036513239542872,0.12517313414744843,-0.9599324018701811,4.233807266982626,-2.886100386100387
20,-1.5,-0.5,0.15,45,5,121,5,116,-57.66136617651716,0.04132231404958678,0.06753568097807268,-1.0043169042031135,0.06265198913803044,-0.4765402163348526,2.116903633491313,-1.4430501930501936
20,-1.5,-0.5,0.15,45,10,121,5,116,-115.32273235303433,0.04132231404958678,0.06753568097807268,-1.0043169042031135,0.125303978276061,-0.9530804326697052,4.233807266982626,-2.886100386100387
10,-1.5,-0.5,0.08,45,5,177,7,170,-89.29449504845807,0.03954802259887006,0.03122286131077301,-1.0378907985916301,0.09428511800997114,-0.5044886725901586,1.5089285714285705,-4.331805359661495
10,-1.5,-0.5,0.08,45,10,177,7,170,-178.58899009691615,0.03954802259887006,0.03122286131077301,-1.0378907985916301,0.1885702360199432,-1.0089773451803172,3.017857142857141,-8.66361071932299
10,-1.5,-0.5,0.08,60,5,176,7,169,-89.2478356742588,0.03977272727272727,0.031238674909316873,-1.0425659714972646,0.09423845863577196,-0.507089975421925,1.5089285714285705,-4.331805359661495
10,-1.5,-0.5,0.08,60,10,176,7,169,-178.4956713485176,0.03977272727272727,0.031238674909316873,-1.0425659714972646,0.18847691727154461,-1.01417995084385,3.017857142857141,-8.66361071932299
20,-1.5,-0.5,0.1,60,5,135,5,130,-68.27613562894571,0.037037037037037035,0.057641241689083314,-1.0856163956328515,0.0732667585904593,-0.5057491528070053,2.116903633491313,-1.3439752832131828
20,-1.5,-0.5,0.1,60,10,135,5,130,-136.55227125789142,0.037037037037037035,0.057641241689083314,-1.0856163956328515,0.146533517180918,-1.0114983056140106,4.233807266982626,-2.6879505664263657
20,-1.5,-0.5,0.1,45,5,136,5,131,-68.341557693252,0.03676470588235294,0.057589240540808835,-1.0859655207095258,0.0733321806547657,-0.5025114536268529,2.116903633491313,-1.3439752832131828
20,-1.5,-0.5,0.1,45,10,136,5,131,-136.683115386504,0.03676470588235294,0.057589240540808835,-1.0859655207095258,0.1466643613095306,-1.0050229072537058,4.233807266982626,-2.6879505664263657
20,-1.5,-0.5,0.08,60,5,143,5,138,-72.70663705536272,0.03496503496503497,0.05431957116825458,-1.135997932220018,0.07769726001687605,-0.5084380213661729,2.116903633491313,-1.347632413961435
20,-1.5,-0.5,0.08,60,10,143,5,138,-145.41327411072544,0.03496503496503497,0.05431957116825458,-1.135997932220018,0.15539452003375187,-1.0168760427323458,4.233807266982626,-2.69526482792287
20,-1.5,-0.5,0.08,45,5,144,5,139,-72.74357186077867,0.034722222222222224,0.05429348838662303,-1.1375902104501503,0.077734194822292,-0.5051636934776297,2.116903633491313,-1.3439752832131828
20,-1.5,-0.5,0.08,45,10,144,5,139,-145.48714372155735,0.034722222222222224,0.05429348838662303,-1.1375902104501503,0.1554683896445838,-1.0103273869552594,4.233807266982626,-2.6879505664263657
